run,method,domain,subset,label,support,f1_percent,recall_percent
iot_nidd_to_ton_iot_seed1_row_index_fixed,ft_mem,source,all,infog-scan-os,13,56.41025641025641,84.61538461538461
iot_nidd_to_ton_iot_seed1_row_index_fixed,ft_mem,source,all,infog-scan-host,46,73.97260273972603,58.69565217391305
iot_nidd_to_ton_iot_seed1_row_index_fixed,ft_mem,source,all,dos-http,109,73.64016736401673,80.73394495412845
iot_nidd_to_ton_iot_seed1_row_index_fixed,ft_mem,source,all,benign,2613,95.02227387177997,93.87676999617298
iot_nidd_to_ton_iot_seed1_row_index_fixed,ft_mem,source,all,dos-tcp-ack,927,82.21820373719108,73.57065803667744
iot_nidd_to_ton_iot_seed1_row_index_fixed,ft_mem,source,all,dos-udp,15,100.0,100.0
iot_nidd_to_ton_iot_seed1_row_index_fixed,ft_mem,source,all,mitm-arpspoof,11,15.053763440860216,63.63636363636363
iot_nidd_to_ton_iot_seed1_row_index_fixed,ft_mem,source,all,infog-scan-port,476,51.97873597164796,92.43697478991596
iot_nidd_to_ton_iot_seed1_row_index_fixed,ft_mem,source,all,malwr-brutef-telnet,6,60.0,100.0
iot_nidd_to_ton_iot_seed1_row_index_fixed,ft_mem,source,all,dos-tcp-syn,1783,71.21783876500858,58.21648906337633
iot_nidd_to_ton_iot_seed1_row_index_fixed,ft_mem,source,unseen_within_domain,infog-scan-os,13,56.41025641025641,84.61538461538461
iot_nidd_to_ton_iot_seed1_row_index_fixed,ft_mem,source,unseen_within_domain,infog-scan-host,28,98.18181818181819,96.42857142857143
iot_nidd_to_ton_iot_seed1_row_index_fixed,ft_mem,source,unseen_within_domain,dos-http,81,77.94871794871796,93.82716049382715
iot_nidd_to_ton_iot_seed1_row_index_fixed,ft_mem,source,unseen_within_domain,benign,368,69.71080669710807,62.22826086956522
iot_nidd_to_ton_iot_seed1_row_index_fixed,ft_mem,source,unseen_within_domain,dos-tcp-ack,816,84.60490463215258,76.10294117647058
iot_nidd_to_ton_iot_seed1_row_index_fixed,ft_mem,source,unseen_within_domain,dos-udp,15,100.0,100.0
iot_nidd_to_ton_iot_seed1_row_index_fixed,ft_mem,source,unseen_within_domain,mitm-arpspoof,11,15.217391304347828,63.63636363636363
iot_nidd_to_ton_iot_seed1_row_index_fixed,ft_mem,source,unseen_within_domain,infog-scan-port,64,10.200364298724955,43.75
iot_nidd_to_ton_iot_seed1_row_index_fixed,ft_mem,source,unseen_within_domain,malwr-brutef-telnet,6,63.1578947368421,100.0
iot_nidd_to_ton_iot_seed1_row_index_fixed,ft_mem,source,unseen_within_domain,dos-tcp-syn,1084,71.6434540389972,59.31734317343174
iot_nidd_to_ton_iot_seed1_row_index_fixed,ft_mem,source,unseen_in_either_domain,infog-scan-os,13,56.41025641025641,84.61538461538461
iot_nidd_to_ton_iot_seed1_row_index_fixed,ft_mem,source,unseen_in_either_domain,infog-scan-host,28,98.18181818181819,96.42857142857143
iot_nidd_to_ton_iot_seed1_row_index_fixed,ft_mem,source,unseen_in_either_domain,dos-http,81,77.94871794871796,93.82716049382715
iot_nidd_to_ton_iot_seed1_row_index_fixed,ft_mem,source,unseen_in_either_domain,benign,360,68.95475819032761,61.38888888888889
iot_nidd_to_ton_iot_seed1_row_index_fixed,ft_mem,source,unseen_in_either_domain,dos-tcp-ack,816,84.60490463215258,76.10294117647058
iot_nidd_to_ton_iot_seed1_row_index_fixed,ft_mem,source,unseen_in_either_domain,dos-udp,15,100.0,100.0
iot_nidd_to_ton_iot_seed1_row_index_fixed,ft_mem,source,unseen_in_either_domain,mitm-arpspoof,11,15.217391304347828,63.63636363636363
iot_nidd_to_ton_iot_seed1_row_index_fixed,ft_mem,source,unseen_in_either_domain,infog-scan-port,64,10.200364298724955,43.75
iot_nidd_to_ton_iot_seed1_row_index_fixed,ft_mem,source,unseen_in_either_domain,malwr-brutef-telnet,6,63.1578947368421,100.0
iot_nidd_to_ton_iot_seed1_row_index_fixed,ft_mem,source,unseen_in_either_domain,dos-tcp-syn,1084,71.6434540389972,59.31734317343174
iot_nidd_to_ton_iot_seed1_row_index_fixed,ft_mem,target,all,dos-http,1834,98.58772406300923,98.96401308615049
iot_nidd_to_ton_iot_seed1_row_index_fixed,ft_mem,target,all,benign,2727,96.75347841598287,99.44994499449945
iot_nidd_to_ton_iot_seed1_row_index_fixed,ft_mem,target,all,mitm-arpspoof,161,9.30232558139535,4.968944099378882
iot_nidd_to_ton_iot_seed1_row_index_fixed,ft_mem,target,all,infog-scan-port,469,99.03536977491962,98.50746268656717
iot_nidd_to_ton_iot_seed1_row_index_fixed,ft_mem,target,all,dos-tcp-syn,307,99.836867862969,99.6742671009772
iot_nidd_to_ton_iot_seed1_row_index_fixed,ft_mem,target,all,malwr-brutef-ftp,20,90.9090909090909,100.0
iot_nidd_to_ton_iot_seed1_row_index_fixed,ft_mem,target,all,inject-xss,493,96.84638860630722,96.55172413793103
iot_nidd_to_ton_iot_seed1_row_index_fixed,ft_mem,target,all,malwr-ransomware,212,93.45372460496614,97.64150943396226
iot_nidd_to_ton_iot_seed1_row_index_fixed,ft_mem,target,all,malwr-backd-tcp,1134,98.7962550156041,97.70723104056437
iot_nidd_to_ton_iot_seed1_row_index_fixed,ft_mem,target,all,malwr-brutef-http,379,95.76719576719577,95.51451187335093
iot_nidd_to_ton_iot_seed1_row_index_fixed,ft_mem,target,all,dos-tcp,5,0.0,0.0
iot_nidd_to_ton_iot_seed1_row_index_fixed,ft_mem,target,all,inject-sql,714,94.96503496503496,95.09803921568627
iot_nidd_to_ton_iot_seed1_row_index_fixed,ft_mem,target,unseen_within_domain,dos-http,1140,97.9895104895105,98.33333333333333
iot_nidd_to_ton_iot_seed1_row_index_fixed,ft_mem,target,unseen_within_domain,benign,1689,98.56009403467529,99.28952042628775
iot_nidd_to_ton_iot_seed1_row_index_fixed,ft_mem,target,unseen_within_domain,mitm-arpspoof,31,38.095238095238095,25.806451612903224
iot_nidd_to_ton_iot_seed1_row_index_fixed,ft_mem,target,unseen_within_domain,infog-scan-port,106,95.65217391304348,93.39622641509435
iot_nidd_to_ton_iot_seed1_row_index_fixed,ft_mem,target,unseen_within_domain,dos-tcp-syn,307,99.836867862969,99.6742671009772
iot_nidd_to_ton_iot_seed1_row_index_fixed,ft_mem,target,unseen_within_domain,malwr-brutef-ftp,18,90.0,100.0
iot_nidd_to_ton_iot_seed1_row_index_fixed,ft_mem,target,unseen_within_domain,inject-xss,492,96.94501018329939,96.7479674796748
iot_nidd_to_ton_iot_seed1_row_index_fixed,ft_mem,target,unseen_within_domain,malwr-ransomware,212,93.45372460496614,97.64150943396226
iot_nidd_to_ton_iot_seed1_row_index_fixed,ft_mem,target,unseen_within_domain,malwr-backd-tcp,1134,98.7962550156041,97.70723104056437
iot_nidd_to_ton_iot_seed1_row_index_fixed,ft_mem,target,unseen_within_domain,malwr-brutef-http,379,95.76719576719577,95.51451187335093
iot_nidd_to_ton_iot_seed1_row_index_fixed,ft_mem,target,unseen_within_domain,dos-tcp,3,0.0,0.0
iot_nidd_to_ton_iot_seed1_row_index_fixed,ft_mem,target,unseen_within_domain,inject-sql,714,94.96503496503496,95.09803921568627
iot_nidd_to_ton_iot_seed1_row_index_fixed,ft_mem,target,unseen_in_either_domain,dos-http,1140,97.9895104895105,98.33333333333333
iot_nidd_to_ton_iot_seed1_row_index_fixed,ft_mem,target,unseen_in_either_domain,benign,1687,98.55839952927332,99.2886781268524
iot_nidd_to_ton_iot_seed1_row_index_fixed,ft_mem,target,unseen_in_either_domain,mitm-arpspoof,31,38.095238095238095,25.806451612903224
iot_nidd_to_ton_iot_seed1_row_index_fixed,ft_mem,target,unseen_in_either_domain,infog-scan-port,106,95.65217391304348,93.39622641509435
iot_nidd_to_ton_iot_seed1_row_index_fixed,ft_mem,target,unseen_in_either_domain,dos-tcp-syn,307,99.836867862969,99.6742671009772
iot_nidd_to_ton_iot_seed1_row_index_fixed,ft_mem,target,unseen_in_either_domain,malwr-brutef-ftp,18,90.0,100.0
iot_nidd_to_ton_iot_seed1_row_index_fixed,ft_mem,target,unseen_in_either_domain,inject-xss,492,96.94501018329939,96.7479674796748
iot_nidd_to_ton_iot_seed1_row_index_fixed,ft_mem,target,unseen_in_either_domain,malwr-ransomware,212,93.45372460496614,97.64150943396226
iot_nidd_to_ton_iot_seed1_row_index_fixed,ft_mem,target,unseen_in_either_domain,malwr-backd-tcp,1134,98.7962550156041,97.70723104056437
iot_nidd_to_ton_iot_seed1_row_index_fixed,ft_mem,target,unseen_in_either_domain,malwr-brutef-http,379,95.76719576719577,95.51451187335093
iot_nidd_to_ton_iot_seed1_row_index_fixed,ft_mem,target,unseen_in_either_domain,dos-tcp,3,0.0,0.0
iot_nidd_to_ton_iot_seed1_row_index_fixed,ft_mem,target,unseen_in_either_domain,inject-sql,714,94.96503496503496,95.09803921568627
iot_nidd_to_ton_iot_seed1_row_index_fixed,replay,source,all,infog-scan-os,13,38.70967741935484,92.3076923076923
iot_nidd_to_ton_iot_seed1_row_index_fixed,replay,source,all,infog-scan-host,46,98.9247311827957,100.0
iot_nidd_to_ton_iot_seed1_row_index_fixed,replay,source,all,dos-http,109,78.57142857142857,80.73394495412845
iot_nidd_to_ton_iot_seed1_row_index_fixed,replay,source,all,benign,2613,95.94488188976378,93.26444699579028
iot_nidd_to_ton_iot_seed1_row_index_fixed,replay,source,all,dos-tcp-ack,927,86.55700510493477,82.30852211434735
iot_nidd_to_ton_iot_seed1_row_index_fixed,replay,source,all,dos-udp,15,93.75,100.0
iot_nidd_to_ton_iot_seed1_row_index_fixed,replay,source,all,mitm-arpspoof,11,15.217391304347828,63.63636363636363
iot_nidd_to_ton_iot_seed1_row_index_fixed,replay,source,all,infog-scan-port,476,81.4748201438849,95.16806722689076
iot_nidd_to_ton_iot_seed1_row_index_fixed,replay,source,all,malwr-brutef-telnet,6,63.1578947368421,100.0
iot_nidd_to_ton_iot_seed1_row_index_fixed,replay,source,all,dos-tcp-syn,1783,90.38185472293999,88.27818283791363
iot_nidd_to_ton_iot_seed1_row_index_fixed,replay,source,unseen_within_domain,infog-scan-os,13,46.15384615384615,92.3076923076923
iot_nidd_to_ton_iot_seed1_row_index_fixed,replay,source,unseen_within_domain,infog-scan-host,28,98.24561403508771,100.0
iot_nidd_to_ton_iot_seed1_row_index_fixed,replay,source,unseen_within_domain,dos-http,81,83.06010928961749,93.82716049382715
iot_nidd_to_ton_iot_seed1_row_index_fixed,replay,source,unseen_within_domain,benign,368,72.42524916943522,59.2391304347826
iot_nidd_to_ton_iot_seed1_row_index_fixed,replay,source,unseen_within_domain,dos-tcp-ack,816,88.47867600254615,85.17156862745098
iot_nidd_to_ton_iot_seed1_row_index_fixed,replay,source,unseen_within_domain,dos-udp,15,93.75,100.0
iot_nidd_to_ton_iot_seed1_row_index_fixed,replay,source,unseen_within_domain,mitm-arpspoof,11,15.384615384615385,63.63636363636363
iot_nidd_to_ton_iot_seed1_row_index_fixed,replay,source,unseen_within_domain,infog-scan-port,64,38.497652582159624,64.0625
iot_nidd_to_ton_iot_seed1_row_index_fixed,replay,source,unseen_within_domain,malwr-brutef-telnet,6,66.66666666666666,100.0
iot_nidd_to_ton_iot_seed1_row_index_fixed,replay,source,unseen_within_domain,dos-tcp-syn,1084,89.4562647754137,87.26937269372694
iot_nidd_to_ton_iot_seed1_row_index_fixed,replay,source,unseen_in_either_domain,infog-scan-os,13,46.15384615384615,92.3076923076923
iot_nidd_to_ton_iot_seed1_row_index_fixed,replay,source,unseen_in_either_domain,infog-scan-host,28,98.24561403508771,100.0
iot_nidd_to_ton_iot_seed1_row_index_fixed,replay,source,unseen_in_either_domain,dos-http,81,83.06010928961749,93.82716049382715
iot_nidd_to_ton_iot_seed1_row_index_fixed,replay,source,unseen_in_either_domain,benign,360,71.67235494880546,58.333333333333336
iot_nidd_to_ton_iot_seed1_row_index_fixed,replay,source,unseen_in_either_domain,dos-tcp-ack,816,88.47867600254615,85.17156862745098
iot_nidd_to_ton_iot_seed1_row_index_fixed,replay,source,unseen_in_either_domain,dos-udp,15,93.75,100.0
iot_nidd_to_ton_iot_seed1_row_index_fixed,replay,source,unseen_in_either_domain,mitm-arpspoof,11,15.384615384615385,63.63636363636363
iot_nidd_to_ton_iot_seed1_row_index_fixed,replay,source,unseen_in_either_domain,infog-scan-port,64,38.497652582159624,64.0625
iot_nidd_to_ton_iot_seed1_row_index_fixed,replay,source,unseen_in_either_domain,malwr-brutef-telnet,6,66.66666666666666,100.0
iot_nidd_to_ton_iot_seed1_row_index_fixed,replay,source,unseen_in_either_domain,dos-tcp-syn,1084,89.4562647754137,87.26937269372694
iot_nidd_to_ton_iot_seed1_row_index_fixed,replay,target,all,dos-http,1834,98.8843537414966,99.07306434023991
iot_nidd_to_ton_iot_seed1_row_index_fixed,replay,target,all,benign,2727,96.41962047977086,98.75320865419876
iot_nidd_to_ton_iot_seed1_row_index_fixed,replay,target,all,mitm-arpspoof,161,9.248554913294797,4.968944099378882
iot_nidd_to_ton_iot_seed1_row_index_fixed,replay,target,all,infog-scan-port,469,99.13978494623656,98.29424307036247
iot_nidd_to_ton_iot_seed1_row_index_fixed,replay,target,all,dos-tcp-syn,307,99.836867862969,99.6742671009772
iot_nidd_to_ton_iot_seed1_row_index_fixed,replay,target,all,malwr-brutef-ftp,20,90.9090909090909,100.0
iot_nidd_to_ton_iot_seed1_row_index_fixed,replay,target,all,inject-xss,493,95.5193482688391,95.131845841785
iot_nidd_to_ton_iot_seed1_row_index_fixed,replay,target,all,malwr-ransomware,212,93.00225733634312,97.16981132075472
iot_nidd_to_ton_iot_seed1_row_index_fixed,replay,target,all,malwr-backd-tcp,1134,98.66310160427807,97.61904761904762
iot_nidd_to_ton_iot_seed1_row_index_fixed,replay,target,all,malwr-brutef-http,379,97.36147757255937,97.36147757255937
iot_nidd_to_ton_iot_seed1_row_index_fixed,replay,target,all,dos-tcp,5,0.0,0.0
iot_nidd_to_ton_iot_seed1_row_index_fixed,replay,target,all,inject-sql,714,94.99304589707927,95.65826330532214
iot_nidd_to_ton_iot_seed1_row_index_fixed,replay,target,unseen_within_domain,dos-http,1140,98.29321663019694,98.50877192982456
iot_nidd_to_ton_iot_seed1_row_index_fixed,replay,target,unseen_within_domain,benign,1689,98.43888070692195,98.93428063943162
iot_nidd_to_ton_iot_seed1_row_index_fixed,replay,target,unseen_within_domain,mitm-arpspoof,31,37.2093023255814,25.806451612903224
iot_nidd_to_ton_iot_seed1_row_index_fixed,replay,target,unseen_within_domain,infog-scan-port,106,96.07843137254902,92.45283018867924
iot_nidd_to_ton_iot_seed1_row_index_fixed,replay,target,unseen_within_domain,dos-tcp-syn,307,99.836867862969,99.6742671009772
iot_nidd_to_ton_iot_seed1_row_index_fixed,replay,target,unseen_within_domain,malwr-brutef-ftp,18,90.0,100.0
iot_nidd_to_ton_iot_seed1_row_index_fixed,replay,target,unseen_within_domain,inject-xss,492,95.61671763506627,95.32520325203252
iot_nidd_to_ton_iot_seed1_row_index_fixed,replay,target,unseen_within_domain,malwr-ransomware,212,93.00225733634312,97.16981132075472
iot_nidd_to_ton_iot_seed1_row_index_fixed,replay,target,unseen_within_domain,malwr-backd-tcp,1134,98.66310160427807,97.61904761904762
iot_nidd_to_ton_iot_seed1_row_index_fixed,replay,target,unseen_within_domain,malwr-brutef-http,379,97.36147757255937,97.36147757255937
iot_nidd_to_ton_iot_seed1_row_index_fixed,replay,target,unseen_within_domain,dos-tcp,3,0.0,0.0
iot_nidd_to_ton_iot_seed1_row_index_fixed,replay,target,unseen_within_domain,inject-sql,714,94.99304589707927,95.65826330532214
iot_nidd_to_ton_iot_seed1_row_index_fixed,replay,target,unseen_in_either_domain,dos-http,1140,98.29321663019694,98.50877192982456
iot_nidd_to_ton_iot_seed1_row_index_fixed,replay,target,unseen_in_either_domain,benign,1687,98.4370392214686,98.9330171902786
iot_nidd_to_ton_iot_seed1_row_index_fixed,replay,target,unseen_in_either_domain,mitm-arpspoof,31,37.2093023255814,25.806451612903224
iot_nidd_to_ton_iot_seed1_row_index_fixed,replay,target,unseen_in_either_domain,infog-scan-port,106,96.07843137254902,92.45283018867924
iot_nidd_to_ton_iot_seed1_row_index_fixed,replay,target,unseen_in_either_domain,dos-tcp-syn,307,99.836867862969,99.6742671009772
iot_nidd_to_ton_iot_seed1_row_index_fixed,replay,target,unseen_in_either_domain,malwr-brutef-ftp,18,90.0,100.0
iot_nidd_to_ton_iot_seed1_row_index_fixed,replay,target,unseen_in_either_domain,inject-xss,492,95.61671763506627,95.32520325203252
iot_nidd_to_ton_iot_seed1_row_index_fixed,replay,target,unseen_in_either_domain,malwr-ransomware,212,93.00225733634312,97.16981132075472
iot_nidd_to_ton_iot_seed1_row_index_fixed,replay,target,unseen_in_either_domain,malwr-backd-tcp,1134,98.66310160427807,97.61904761904762
iot_nidd_to_ton_iot_seed1_row_index_fixed,replay,target,unseen_in_either_domain,malwr-brutef-http,379,97.36147757255937,97.36147757255937
iot_nidd_to_ton_iot_seed1_row_index_fixed,replay,target,unseen_in_either_domain,dos-tcp,3,0.0,0.0
iot_nidd_to_ton_iot_seed1_row_index_fixed,replay,target,unseen_in_either_domain,inject-sql,714,94.99304589707927,95.65826330532214
iot_nidd_to_ton_iot_seed1_row_index_fixed,weighted,source,all,infog-scan-os,13,25.53191489361702,92.3076923076923
iot_nidd_to_ton_iot_seed1_row_index_fixed,weighted,source,all,infog-scan-host,46,98.9247311827957,100.0
iot_nidd_to_ton_iot_seed1_row_index_fixed,weighted,source,all,dos-http,109,61.53846153846154,58.71559633027523
iot_nidd_to_ton_iot_seed1_row_index_fixed,weighted,source,all,benign,2613,73.37646776899113,58.591657099119786
iot_nidd_to_ton_iot_seed1_row_index_fixed,weighted,source,all,dos-tcp-ack,927,75.2979414951246,74.9730312837109
iot_nidd_to_ton_iot_seed1_row_index_fixed,weighted,source,all,dos-udp,15,96.7741935483871,100.0
iot_nidd_to_ton_iot_seed1_row_index_fixed,weighted,source,all,mitm-arpspoof,11,1.411290322580645,63.63636363636363
iot_nidd_to_ton_iot_seed1_row_index_fixed,weighted,source,all,infog-scan-port,476,53.65853658536586,92.43697478991596
iot_nidd_to_ton_iot_seed1_row_index_fixed,weighted,source,all,malwr-brutef-telnet,6,33.33333333333333,100.0
iot_nidd_to_ton_iot_seed1_row_index_fixed,weighted,source,all,dos-tcp-syn,1783,66.57193605683837,52.55187885586091
iot_nidd_to_ton_iot_seed1_row_index_fixed,weighted,source,unseen_within_domain,infog-scan-os,13,27.27272727272727,92.3076923076923
iot_nidd_to_ton_iot_seed1_row_index_fixed,weighted,source,unseen_within_domain,infog-scan-host,28,98.24561403508771,100.0
iot_nidd_to_ton_iot_seed1_row_index_fixed,weighted,source,unseen_within_domain,dos-http,81,62.27544910179641,64.19753086419753
iot_nidd_to_ton_iot_seed1_row_index_fixed,weighted,source,unseen_within_domain,benign,368,61.15992970123023,47.28260869565217
iot_nidd_to_ton_iot_seed1_row_index_fixed,weighted,source,unseen_within_domain,dos-tcp-ack,816,80.05050505050505,77.69607843137256
iot_nidd_to_ton_iot_seed1_row_index_fixed,weighted,source,unseen_within_domain,dos-udp,15,96.7741935483871,100.0
iot_nidd_to_ton_iot_seed1_row_index_fixed,weighted,source,unseen_within_domain,mitm-arpspoof,11,12.068965517241379,63.63636363636363
iot_nidd_to_ton_iot_seed1_row_index_fixed,weighted,source,unseen_within_domain,infog-scan-port,64,10.748560460652591,43.75
iot_nidd_to_ton_iot_seed1_row_index_fixed,weighted,source,unseen_within_domain,malwr-brutef-telnet,6,34.285714285714285,100.0
iot_nidd_to_ton_iot_seed1_row_index_fixed,weighted,source,unseen_within_domain,dos-tcp-syn,1084,67.1280276816609,53.69003690036901
iot_nidd_to_ton_iot_seed1_row_index_fixed,weighted,source,unseen_in_either_domain,infog-scan-os,13,27.27272727272727,92.3076923076923
iot_nidd_to_ton_iot_seed1_row_index_fixed,weighted,source,unseen_in_either_domain,infog-scan-host,28,98.24561403508771,100.0
iot_nidd_to_ton_iot_seed1_row_index_fixed,weighted,source,unseen_in_either_domain,dos-http,81,62.27544910179641,64.19753086419753
iot_nidd_to_ton_iot_seed1_row_index_fixed,weighted,source,unseen_in_either_domain,benign,360,60.03616636528029,46.111111111111114
iot_nidd_to_ton_iot_seed1_row_index_fixed,weighted,source,unseen_in_either_domain,dos-tcp-ack,816,80.05050505050505,77.69607843137256
iot_nidd_to_ton_iot_seed1_row_index_fixed,weighted,source,unseen_in_either_domain,dos-udp,15,96.7741935483871,100.0
iot_nidd_to_ton_iot_seed1_row_index_fixed,weighted,source,unseen_in_either_domain,mitm-arpspoof,11,12.068965517241379,63.63636363636363
iot_nidd_to_ton_iot_seed1_row_index_fixed,weighted,source,unseen_in_either_domain,infog-scan-port,64,10.748560460652591,43.75
iot_nidd_to_ton_iot_seed1_row_index_fixed,weighted,source,unseen_in_either_domain,malwr-brutef-telnet,6,34.285714285714285,100.0
iot_nidd_to_ton_iot_seed1_row_index_fixed,weighted,source,unseen_in_either_domain,dos-tcp-syn,1084,67.1280276816609,53.69003690036901
iot_nidd_to_ton_iot_seed1_row_index_fixed,weighted,target,all,dos-http,1834,98.77417597384908,98.85496183206108
iot_nidd_to_ton_iot_seed1_row_index_fixed,weighted,target,all,benign,2727,93.94114252740911,89.54895489548956
iot_nidd_to_ton_iot_seed1_row_index_fixed,weighted,target,all,mitm-arpspoof,161,49.47735191637631,88.19875776397515
iot_nidd_to_ton_iot_seed1_row_index_fixed,weighted,target,all,infog-scan-port,469,99.03329752953813,98.29424307036247
iot_nidd_to_ton_iot_seed1_row_index_fixed,weighted,target,all,dos-tcp-syn,307,99.6742671009772,99.6742671009772
iot_nidd_to_ton_iot_seed1_row_index_fixed,weighted,target,all,malwr-brutef-ftp,20,90.9090909090909,100.0
iot_nidd_to_ton_iot_seed1_row_index_fixed,weighted,target,all,inject-xss,493,96.46107178968654,96.75456389452333
iot_nidd_to_ton_iot_seed1_row_index_fixed,weighted,target,all,malwr-ransomware,212,93.69369369369369,98.11320754716981
iot_nidd_to_ton_iot_seed1_row_index_fixed,weighted,target,all,malwr-backd-tcp,1134,98.75222816399287,97.70723104056437
iot_nidd_to_ton_iot_seed1_row_index_fixed,weighted,target,all,malwr-brutef-http,379,96.3254593175853,96.83377308707124
iot_nidd_to_ton_iot_seed1_row_index_fixed,weighted,target,all,dos-tcp,5,50.0,40.0
iot_nidd_to_ton_iot_seed1_row_index_fixed,weighted,target,all,inject-sql,714,95.09116409537167,94.9579831932773
iot_nidd_to_ton_iot_seed1_row_index_fixed,weighted,target,unseen_within_domain,dos-http,1140,98.24561403508771,98.24561403508771
iot_nidd_to_ton_iot_seed1_row_index_fixed,weighted,target,unseen_within_domain,benign,1689,98.6737400530504,99.11190053285968
iot_nidd_to_ton_iot_seed1_row_index_fixed,weighted,target,unseen_within_domain,mitm-arpspoof,31,51.06382978723404,38.70967741935484
iot_nidd_to_ton_iot_seed1_row_index_fixed,weighted,target,unseen_within_domain,infog-scan-port,106,95.60975609756098,92.45283018867924
iot_nidd_to_ton_iot_seed1_row_index_fixed,weighted,target,unseen_within_domain,dos-tcp-syn,307,99.6742671009772,99.6742671009772
iot_nidd_to_ton_iot_seed1_row_index_fixed,weighted,target,unseen_within_domain,malwr-brutef-ftp,18,90.0,100.0
iot_nidd_to_ton_iot_seed1_row_index_fixed,weighted,target,unseen_within_domain,inject-xss,492,96.5587044534413,96.95121951219512
iot_nidd_to_ton_iot_seed1_row_index_fixed,weighted,target,unseen_within_domain,malwr-ransomware,212,93.69369369369369,98.11320754716981
iot_nidd_to_ton_iot_seed1_row_index_fixed,weighted,target,unseen_within_domain,malwr-backd-tcp,1134,98.75222816399287,97.70723104056437
iot_nidd_to_ton_iot_seed1_row_index_fixed,weighted,target,unseen_within_domain,malwr-brutef-http,379,96.3254593175853,96.83377308707124
iot_nidd_to_ton_iot_seed1_row_index_fixed,weighted,target,unseen_within_domain,dos-tcp,3,0.0,0.0
iot_nidd_to_ton_iot_seed1_row_index_fixed,weighted,target,unseen_within_domain,inject-sql,714,95.09116409537167,94.9579831932773
iot_nidd_to_ton_iot_seed1_row_index_fixed,weighted,target,unseen_in_either_domain,dos-http,1140,98.24561403508771,98.24561403508771
iot_nidd_to_ton_iot_seed1_row_index_fixed,weighted,target,unseen_in_either_domain,benign,1687,98.67217468279729,99.1108476585655
iot_nidd_to_ton_iot_seed1_row_index_fixed,weighted,target,unseen_in_either_domain,mitm-arpspoof,31,51.06382978723404,38.70967741935484
iot_nidd_to_ton_iot_seed1_row_index_fixed,weighted,target,unseen_in_either_domain,infog-scan-port,106,95.60975609756098,92.45283018867924
iot_nidd_to_ton_iot_seed1_row_index_fixed,weighted,target,unseen_in_either_domain,dos-tcp-syn,307,99.6742671009772,99.6742671009772
iot_nidd_to_ton_iot_seed1_row_index_fixed,weighted,target,unseen_in_either_domain,malwr-brutef-ftp,18,90.0,100.0
iot_nidd_to_ton_iot_seed1_row_index_fixed,weighted,target,unseen_in_either_domain,inject-xss,492,96.5587044534413,96.95121951219512
iot_nidd_to_ton_iot_seed1_row_index_fixed,weighted,target,unseen_in_either_domain,malwr-ransomware,212,93.69369369369369,98.11320754716981
iot_nidd_to_ton_iot_seed1_row_index_fixed,weighted,target,unseen_in_either_domain,malwr-backd-tcp,1134,98.75222816399287,97.70723104056437
iot_nidd_to_ton_iot_seed1_row_index_fixed,weighted,target,unseen_in_either_domain,malwr-brutef-http,379,96.3254593175853,96.83377308707124
iot_nidd_to_ton_iot_seed1_row_index_fixed,weighted,target,unseen_in_either_domain,dos-tcp,3,0.0,0.0
iot_nidd_to_ton_iot_seed1_row_index_fixed,weighted,target,unseen_in_either_domain,inject-sql,714,95.09116409537167,94.9579831932773
iot_nidd_to_ton_iot_seed1_row_index_fixed,combined,source,all,infog-scan-os,13,24.0,92.3076923076923
iot_nidd_to_ton_iot_seed1_row_index_fixed,combined,source,all,infog-scan-host,46,98.9247311827957,100.0
iot_nidd_to_ton_iot_seed1_row_index_fixed,combined,source,all,dos-http,109,81.44796380090497,82.56880733944955
iot_nidd_to_ton_iot_seed1_row_index_fixed,combined,source,all,benign,2613,95.79567779960708,93.3027171833142
iot_nidd_to_ton_iot_seed1_row_index_fixed,combined,source,all,dos-tcp-ack,927,77.09205020920503,79.50377562028046
iot_nidd_to_ton_iot_seed1_row_index_fixed,combined,source,all,dos-udp,15,96.7741935483871,100.0
iot_nidd_to_ton_iot_seed1_row_index_fixed,combined,source,all,mitm-arpspoof,11,15.730337078651685,63.63636363636363
iot_nidd_to_ton_iot_seed1_row_index_fixed,combined,source,all,infog-scan-port,476,80.18181818181817,92.64705882352942
iot_nidd_to_ton_iot_seed1_row_index_fixed,combined,source,all,malwr-brutef-telnet,6,66.66666666666666,100.0
iot_nidd_to_ton_iot_seed1_row_index_fixed,combined,source,all,dos-tcp-syn,1783,85.00754147812971,79.02411665731913
iot_nidd_to_ton_iot_seed1_row_index_fixed,combined,source,unseen_within_domain,infog-scan-os,13,26.666666666666668,92.3076923076923
iot_nidd_to_ton_iot_seed1_row_index_fixed,combined,source,unseen_within_domain,infog-scan-host,28,98.24561403508771,100.0
iot_nidd_to_ton_iot_seed1_row_index_fixed,combined,source,unseen_within_domain,dos-http,81,86.66666666666667,96.29629629629629
iot_nidd_to_ton_iot_seed1_row_index_fixed,combined,source,unseen_within_domain,benign,368,72.01309328968904,59.78260869565217
iot_nidd_to_ton_iot_seed1_row_index_fixed,combined,source,unseen_within_domain,dos-tcp-ack,816,81.0126582278481,82.35294117647058
iot_nidd_to_ton_iot_seed1_row_index_fixed,combined,source,unseen_within_domain,dos-udp,15,96.7741935483871,100.0
iot_nidd_to_ton_iot_seed1_row_index_fixed,combined,source,unseen_within_domain,mitm-arpspoof,11,16.091954022988507,63.63636363636363
iot_nidd_to_ton_iot_seed1_row_index_fixed,combined,source,unseen_within_domain,infog-scan-port,64,29.591836734693878,45.3125
iot_nidd_to_ton_iot_seed1_row_index_fixed,combined,source,unseen_within_domain,malwr-brutef-telnet,6,70.58823529411765,100.0
iot_nidd_to_ton_iot_seed1_row_index_fixed,combined,source,unseen_within_domain,dos-tcp-syn,1084,84.56575682382133,78.59778597785979
iot_nidd_to_ton_iot_seed1_row_index_fixed,combined,source,unseen_in_either_domain,infog-scan-os,13,26.666666666666668,92.3076923076923
iot_nidd_to_ton_iot_seed1_row_index_fixed,combined,source,unseen_in_either_domain,infog-scan-host,28,98.24561403508771,100.0
iot_nidd_to_ton_iot_seed1_row_index_fixed,combined,source,unseen_in_either_domain,dos-http,81,86.66666666666667,96.29629629629629
iot_nidd_to_ton_iot_seed1_row_index_fixed,combined,source,unseen_in_either_domain,benign,360,71.26050420168067,58.88888888888889
iot_nidd_to_ton_iot_seed1_row_index_fixed,combined,source,unseen_in_either_domain,dos-tcp-ack,816,81.0126582278481,82.35294117647058
iot_nidd_to_ton_iot_seed1_row_index_fixed,combined,source,unseen_in_either_domain,dos-udp,15,96.7741935483871,100.0
iot_nidd_to_ton_iot_seed1_row_index_fixed,combined,source,unseen_in_either_domain,mitm-arpspoof,11,16.091954022988507,63.63636363636363
iot_nidd_to_ton_iot_seed1_row_index_fixed,combined,source,unseen_in_either_domain,infog-scan-port,64,29.591836734693878,45.3125
iot_nidd_to_ton_iot_seed1_row_index_fixed,combined,source,unseen_in_either_domain,malwr-brutef-telnet,6,70.58823529411765,100.0
iot_nidd_to_ton_iot_seed1_row_index_fixed,combined,source,unseen_in_either_domain,dos-tcp-syn,1084,84.56575682382133,78.59778597785979
iot_nidd_to_ton_iot_seed1_row_index_fixed,combined,target,all,dos-http,1834,98.69494290375204,98.96401308615049
iot_nidd_to_ton_iot_seed1_row_index_fixed,combined,target,all,benign,2727,93.59567901234568,88.96222955628896
iot_nidd_to_ton_iot_seed1_row_index_fixed,combined,target,all,mitm-arpspoof,161,48.23943661971831,85.09316770186336
iot_nidd_to_ton_iot_seed1_row_index_fixed,combined,target,all,infog-scan-port,469,98.82100750267952,98.29424307036247
iot_nidd_to_ton_iot_seed1_row_index_fixed,combined,target,all,dos-tcp-syn,307,99.836867862969,99.6742671009772
iot_nidd_to_ton_iot_seed1_row_index_fixed,combined,target,all,malwr-brutef-ftp,20,90.9090909090909,100.0
iot_nidd_to_ton_iot_seed1_row_index_fixed,combined,target,all,inject-xss,493,96.5376782077393,96.14604462474645
iot_nidd_to_ton_iot_seed1_row_index_fixed,combined,target,all,malwr-ransomware,212,93.45372460496614,97.64150943396226
iot_nidd_to_ton_iot_seed1_row_index_fixed,combined,target,all,malwr-backd-tcp,1134,98.70708872046366,97.61904761904762
iot_nidd_to_ton_iot_seed1_row_index_fixed,combined,target,all,malwr-brutef-http,379,96.47058823529412,97.36147757255937
iot_nidd_to_ton_iot_seed1_row_index_fixed,combined,target,all,dos-tcp,5,50.0,40.0
iot_nidd_to_ton_iot_seed1_row_index_fixed,combined,target,all,inject-sql,714,94.89153254023793,94.9579831932773
iot_nidd_to_ton_iot_seed1_row_index_fixed,combined,target,unseen_within_domain,dos-http,1140,98.11980760822038,98.42105263157895
iot_nidd_to_ton_iot_seed1_row_index_fixed,combined,target,unseen_within_domain,benign,1689,98.6446670595168,99.11190053285968
iot_nidd_to_ton_iot_seed1_row_index_fixed,combined,target,unseen_within_domain,mitm-arpspoof,31,34.146341463414636,22.58064516129032
iot_nidd_to_ton_iot_seed1_row_index_fixed,combined,target,unseen_within_domain,infog-scan-port,106,94.68599033816425,92.45283018867924
iot_nidd_to_ton_iot_seed1_row_index_fixed,combined,target,unseen_within_domain,dos-tcp-syn,307,99.836867862969,99.6742671009772
iot_nidd_to_ton_iot_seed1_row_index_fixed,combined,target,unseen_within_domain,malwr-brutef-ftp,18,90.0,100.0
iot_nidd_to_ton_iot_seed1_row_index_fixed,combined,target,unseen_within_domain,inject-xss,492,96.63608562691131,96.34146341463415
iot_nidd_to_ton_iot_seed1_row_index_fixed,combined,target,unseen_within_domain,malwr-ransomware,212,93.45372460496614,97.64150943396226
iot_nidd_to_ton_iot_seed1_row_index_fixed,combined,target,unseen_within_domain,malwr-backd-tcp,1134,98.70708872046366,97.61904761904762
iot_nidd_to_ton_iot_seed1_row_index_fixed,combined,target,unseen_within_domain,malwr-brutef-http,379,96.47058823529412,97.36147757255937
iot_nidd_to_ton_iot_seed1_row_index_fixed,combined,target,unseen_within_domain,dos-tcp,3,0.0,0.0
iot_nidd_to_ton_iot_seed1_row_index_fixed,combined,target,unseen_within_domain,inject-sql,714,94.89153254023793,94.9579831932773
iot_nidd_to_ton_iot_seed1_row_index_fixed,combined,target,unseen_in_either_domain,dos-http,1140,98.11980760822038,98.42105263157895
iot_nidd_to_ton_iot_seed1_row_index_fixed,combined,target,unseen_in_either_domain,benign,1687,98.64306784660766,99.1108476585655
iot_nidd_to_ton_iot_seed1_row_index_fixed,combined,target,unseen_in_either_domain,mitm-arpspoof,31,34.146341463414636,22.58064516129032
iot_nidd_to_ton_iot_seed1_row_index_fixed,combined,target,unseen_in_either_domain,infog-scan-port,106,94.68599033816425,92.45283018867924
iot_nidd_to_ton_iot_seed1_row_index_fixed,combined,target,unseen_in_either_domain,dos-tcp-syn,307,99.836867862969,99.6742671009772
iot_nidd_to_ton_iot_seed1_row_index_fixed,combined,target,unseen_in_either_domain,malwr-brutef-ftp,18,90.0,100.0
iot_nidd_to_ton_iot_seed1_row_index_fixed,combined,target,unseen_in_either_domain,inject-xss,492,96.63608562691131,96.34146341463415
iot_nidd_to_ton_iot_seed1_row_index_fixed,combined,target,unseen_in_either_domain,malwr-ransomware,212,93.45372460496614,97.64150943396226
iot_nidd_to_ton_iot_seed1_row_index_fixed,combined,target,unseen_in_either_domain,malwr-backd-tcp,1134,98.70708872046366,97.61904761904762
iot_nidd_to_ton_iot_seed1_row_index_fixed,combined,target,unseen_in_either_domain,malwr-brutef-http,379,96.47058823529412,97.36147757255937
iot_nidd_to_ton_iot_seed1_row_index_fixed,combined,target,unseen_in_either_domain,dos-tcp,3,0.0,0.0
iot_nidd_to_ton_iot_seed1_row_index_fixed,combined,target,unseen_in_either_domain,inject-sql,714,94.89153254023793,94.9579831932773
iot_nidd_to_ton_iot_seed2_row_index_fixed,ft_mem,source,all,infog-scan-host,46,73.97260273972603,58.69565217391305
iot_nidd_to_ton_iot_seed2_row_index_fixed,ft_mem,source,all,malwr-brutef-telnet,6,57.14285714285714,100.0
iot_nidd_to_ton_iot_seed2_row_index_fixed,ft_mem,source,all,dos-tcp-syn,1783,85.37906137184116,79.58496915311272
iot_nidd_to_ton_iot_seed2_row_index_fixed,ft_mem,source,all,infog-scan-port,476,70.0522778192681,98.52941176470588
iot_nidd_to_ton_iot_seed2_row_index_fixed,ft_mem,source,all,dos-udp,15,96.7741935483871,100.0
iot_nidd_to_ton_iot_seed2_row_index_fixed,ft_mem,source,all,benign,2613,93.64833462432223,92.53731343283582
iot_nidd_to_ton_iot_seed2_row_index_fixed,ft_mem,source,all,dos-http,109,81.69014084507043,79.81651376146789
iot_nidd_to_ton_iot_seed2_row_index_fixed,ft_mem,source,all,infog-scan-os,13,62.857142857142854,84.61538461538461
iot_nidd_to_ton_iot_seed2_row_index_fixed,ft_mem,source,all,mitm-arpspoof,11,20.253164556962027,72.72727272727273
iot_nidd_to_ton_iot_seed2_row_index_fixed,ft_mem,source,all,dos-tcp-ack,927,82.77130594727161,72.81553398058253
iot_nidd_to_ton_iot_seed2_row_index_fixed,ft_mem,source,unseen_within_domain,infog-scan-host,28,98.18181818181819,96.42857142857143
iot_nidd_to_ton_iot_seed2_row_index_fixed,ft_mem,source,unseen_within_domain,malwr-brutef-telnet,6,60.0,100.0
iot_nidd_to_ton_iot_seed2_row_index_fixed,ft_mem,source,unseen_within_domain,dos-tcp-syn,1084,85.8817782120176,81.08856088560886
iot_nidd_to_ton_iot_seed2_row_index_fixed,ft_mem,source,unseen_within_domain,infog-scan-port,64,33.04347826086956,89.0625
iot_nidd_to_ton_iot_seed2_row_index_fixed,ft_mem,source,unseen_within_domain,dos-udp,15,96.7741935483871,100.0
iot_nidd_to_ton_iot_seed2_row_index_fixed,ft_mem,source,unseen_within_domain,benign,368,59.05631659056316,52.71739130434783
iot_nidd_to_ton_iot_seed2_row_index_fixed,ft_mem,source,unseen_within_domain,dos-http,81,89.28571428571429,92.5925925925926
iot_nidd_to_ton_iot_seed2_row_index_fixed,ft_mem,source,unseen_within_domain,infog-scan-os,13,64.70588235294117,84.61538461538461
iot_nidd_to_ton_iot_seed2_row_index_fixed,ft_mem,source,unseen_within_domain,mitm-arpspoof,11,20.51282051282051,72.72727272727273
iot_nidd_to_ton_iot_seed2_row_index_fixed,ft_mem,source,unseen_within_domain,dos-tcp-ack,816,84.74810213940648,75.24509803921569
iot_nidd_to_ton_iot_seed2_row_index_fixed,ft_mem,source,unseen_in_either_domain,infog-scan-host,28,98.18181818181819,96.42857142857143
iot_nidd_to_ton_iot_seed2_row_index_fixed,ft_mem,source,unseen_in_either_domain,malwr-brutef-telnet,6,60.0,100.0
iot_nidd_to_ton_iot_seed2_row_index_fixed,ft_mem,source,unseen_in_either_domain,dos-tcp-syn,1084,85.8817782120176,81.08856088560886
iot_nidd_to_ton_iot_seed2_row_index_fixed,ft_mem,source,unseen_in_either_domain,infog-scan-port,64,33.04347826086956,89.0625
iot_nidd_to_ton_iot_seed2_row_index_fixed,ft_mem,source,unseen_in_either_domain,dos-udp,15,96.7741935483871,100.0
iot_nidd_to_ton_iot_seed2_row_index_fixed,ft_mem,source,unseen_in_either_domain,benign,360,58.03432137285491,51.66666666666667
iot_nidd_to_ton_iot_seed2_row_index_fixed,ft_mem,source,unseen_in_either_domain,dos-http,81,89.28571428571429,92.5925925925926
iot_nidd_to_ton_iot_seed2_row_index_fixed,ft_mem,source,unseen_in_either_domain,infog-scan-os,13,64.70588235294117,84.61538461538461
iot_nidd_to_ton_iot_seed2_row_index_fixed,ft_mem,source,unseen_in_either_domain,mitm-arpspoof,11,20.51282051282051,72.72727272727273
iot_nidd_to_ton_iot_seed2_row_index_fixed,ft_mem,source,unseen_in_either_domain,dos-tcp-ack,816,84.74810213940648,75.24509803921569
iot_nidd_to_ton_iot_seed2_row_index_fixed,ft_mem,target,all,dos-tcp-syn,307,99.836867862969,99.6742671009772
iot_nidd_to_ton_iot_seed2_row_index_fixed,ft_mem,target,all,infog-scan-port,469,98.50427350427351,98.29424307036247
iot_nidd_to_ton_iot_seed2_row_index_fixed,ft_mem,target,all,benign,2727,97.00427960057061,99.74330766409975
iot_nidd_to_ton_iot_seed2_row_index_fixed,ft_mem,target,all,dos-http,1834,98.91186071817192,99.12758996728462
iot_nidd_to_ton_iot_seed2_row_index_fixed,ft_mem,target,all,mitm-arpspoof,161,9.30232558139535,4.968944099378882
iot_nidd_to_ton_iot_seed2_row_index_fixed,ft_mem,target,all,malwr-brutef-ftp,20,90.9090909090909,100.0
iot_nidd_to_ton_iot_seed2_row_index_fixed,ft_mem,target,all,inject-xss,493,95.82059123343527,95.33468559837728
iot_nidd_to_ton_iot_seed2_row_index_fixed,ft_mem,target,all,malwr-ransomware,212,92.97052154195012,96.69811320754717
iot_nidd_to_ton_iot_seed2_row_index_fixed,ft_mem,target,all,malwr-backd-tcp,1134,98.70824053452117,97.70723104056437
iot_nidd_to_ton_iot_seed2_row_index_fixed,ft_mem,target,all,malwr-brutef-http,379,95.90488771466315,95.77836411609498
iot_nidd_to_ton_iot_seed2_row_index_fixed,ft_mem,target,all,dos-tcp,5,0.0,0.0
iot_nidd_to_ton_iot_seed2_row_index_fixed,ft_mem,target,all,inject-sql,714,95.11173184357543,95.37815126050421
iot_nidd_to_ton_iot_seed2_row_index_fixed,ft_mem,target,unseen_within_domain,dos-tcp-syn,307,99.836867862969,99.6742671009772
iot_nidd_to_ton_iot_seed2_row_index_fixed,ft_mem,target,unseen_within_domain,infog-scan-port,106,93.33333333333333,92.45283018867924
iot_nidd_to_ton_iot_seed2_row_index_fixed,ft_mem,target,unseen_within_domain,benign,1689,98.91208468097619,99.58555358200118
iot_nidd_to_ton_iot_seed2_row_index_fixed,ft_mem,target,unseen_within_domain,dos-http,1140,98.33770778652668,98.59649122807016
iot_nidd_to_ton_iot_seed2_row_index_fixed,ft_mem,target,unseen_within_domain,mitm-arpspoof,31,38.095238095238095,25.806451612903224
iot_nidd_to_ton_iot_seed2_row_index_fixed,ft_mem,target,unseen_within_domain,malwr-brutef-ftp,18,90.0,100.0
iot_nidd_to_ton_iot_seed2_row_index_fixed,ft_mem,target,unseen_within_domain,inject-xss,492,95.91836734693877,95.52845528455285
iot_nidd_to_ton_iot_seed2_row_index_fixed,ft_mem,target,unseen_within_domain,malwr-ransomware,212,92.97052154195012,96.69811320754717
iot_nidd_to_ton_iot_seed2_row_index_fixed,ft_mem,target,unseen_within_domain,malwr-backd-tcp,1134,98.70824053452117,97.70723104056437
iot_nidd_to_ton_iot_seed2_row_index_fixed,ft_mem,target,unseen_within_domain,malwr-brutef-http,379,95.90488771466315,95.77836411609498
iot_nidd_to_ton_iot_seed2_row_index_fixed,ft_mem,target,unseen_within_domain,dos-tcp,3,0.0,0.0
iot_nidd_to_ton_iot_seed2_row_index_fixed,ft_mem,target,unseen_within_domain,inject-sql,714,95.11173184357543,95.37815126050421
iot_nidd_to_ton_iot_seed2_row_index_fixed,ft_mem,target,unseen_in_either_domain,dos-tcp-syn,307,99.836867862969,99.6742671009772
iot_nidd_to_ton_iot_seed2_row_index_fixed,ft_mem,target,unseen_in_either_domain,infog-scan-port,106,93.33333333333333,92.45283018867924
iot_nidd_to_ton_iot_seed2_row_index_fixed,ft_mem,target,unseen_in_either_domain,benign,1687,98.91080365027966,99.5850622406639
iot_nidd_to_ton_iot_seed2_row_index_fixed,ft_mem,target,unseen_in_either_domain,dos-http,1140,98.33770778652668,98.59649122807016
iot_nidd_to_ton_iot_seed2_row_index_fixed,ft_mem,target,unseen_in_either_domain,mitm-arpspoof,31,38.095238095238095,25.806451612903224
iot_nidd_to_ton_iot_seed2_row_index_fixed,ft_mem,target,unseen_in_either_domain,malwr-brutef-ftp,18,90.0,100.0
iot_nidd_to_ton_iot_seed2_row_index_fixed,ft_mem,target,unseen_in_either_domain,inject-xss,492,95.91836734693877,95.52845528455285
iot_nidd_to_ton_iot_seed2_row_index_fixed,ft_mem,target,unseen_in_either_domain,malwr-ransomware,212,92.97052154195012,96.69811320754717
iot_nidd_to_ton_iot_seed2_row_index_fixed,ft_mem,target,unseen_in_either_domain,malwr-backd-tcp,1134,98.70824053452117,97.70723104056437
iot_nidd_to_ton_iot_seed2_row_index_fixed,ft_mem,target,unseen_in_either_domain,malwr-brutef-http,379,95.90488771466315,95.77836411609498
iot_nidd_to_ton_iot_seed2_row_index_fixed,ft_mem,target,unseen_in_either_domain,dos-tcp,3,0.0,0.0
iot_nidd_to_ton_iot_seed2_row_index_fixed,ft_mem,target,unseen_in_either_domain,inject-sql,714,95.11173184357543,95.37815126050421
iot_nidd_to_ton_iot_seed2_row_index_fixed,replay,source,all,infog-scan-host,46,97.82608695652173,97.82608695652173
iot_nidd_to_ton_iot_seed2_row_index_fixed,replay,source,all,malwr-brutef-telnet,6,66.66666666666666,100.0
iot_nidd_to_ton_iot_seed2_row_index_fixed,replay,source,all,dos-tcp-syn,1783,93.85290889132821,95.90577678070667
iot_nidd_to_ton_iot_seed2_row_index_fixed,replay,source,all,infog-scan-port,476,97.30290456431536,98.52941176470588
iot_nidd_to_ton_iot_seed2_row_index_fixed,replay,source,all,dos-udp,15,100.0,100.0
iot_nidd_to_ton_iot_seed2_row_index_fixed,replay,source,all,benign,2613,95.40387248190886,93.3409873708381
iot_nidd_to_ton_iot_seed2_row_index_fixed,replay,source,all,dos-http,109,85.29411764705883,79.81651376146789
iot_nidd_to_ton_iot_seed2_row_index_fixed,replay,source,all,infog-scan-os,13,38.095238095238095,92.3076923076923
iot_nidd_to_ton_iot_seed2_row_index_fixed,replay,source,all,mitm-arpspoof,11,17.20430107526882,72.72727272727273
iot_nidd_to_ton_iot_seed2_row_index_fixed,replay,source,all,dos-tcp-ack,927,83.02540415704388,77.56202804746493
iot_nidd_to_ton_iot_seed2_row_index_fixed,replay,source,unseen_within_domain,infog-scan-host,28,96.42857142857143,96.42857142857143
iot_nidd_to_ton_iot_seed2_row_index_fixed,replay,source,unseen_within_domain,malwr-brutef-telnet,6,70.58823529411765,100.0
iot_nidd_to_ton_iot_seed2_row_index_fixed,replay,source,unseen_within_domain,dos-tcp-syn,1084,93.07553956834532,95.47970479704797
iot_nidd_to_ton_iot_seed2_row_index_fixed,replay,source,unseen_within_domain,infog-scan-port,64,83.21167883211679,89.0625
iot_nidd_to_ton_iot_seed2_row_index_fixed,replay,source,unseen_within_domain,dos-udp,15,100.0,100.0
iot_nidd_to_ton_iot_seed2_row_index_fixed,replay,source,unseen_within_domain,benign,368,69.30379746835443,59.5108695652174
iot_nidd_to_ton_iot_seed2_row_index_fixed,replay,source,unseen_within_domain,dos-http,81,92.02453987730061,92.5925925925926
iot_nidd_to_ton_iot_seed2_row_index_fixed,replay,source,unseen_within_domain,infog-scan-os,13,45.28301886792453,92.3076923076923
iot_nidd_to_ton_iot_seed2_row_index_fixed,replay,source,unseen_within_domain,mitm-arpspoof,11,17.582417582417584,72.72727272727273
iot_nidd_to_ton_iot_seed2_row_index_fixed,replay,source,unseen_within_domain,dos-tcp-ack,816,85.84534731323721,80.26960784313727
iot_nidd_to_ton_iot_seed2_row_index_fixed,replay,source,unseen_in_either_domain,infog-scan-host,28,96.42857142857143,96.42857142857143
iot_nidd_to_ton_iot_seed2_row_index_fixed,replay,source,unseen_in_either_domain,malwr-brutef-telnet,6,70.58823529411765,100.0
iot_nidd_to_ton_iot_seed2_row_index_fixed,replay,source,unseen_in_either_domain,dos-tcp-syn,1084,93.07553956834532,95.47970479704797
iot_nidd_to_ton_iot_seed2_row_index_fixed,replay,source,unseen_in_either_domain,infog-scan-port,64,83.21167883211679,89.0625
iot_nidd_to_ton_iot_seed2_row_index_fixed,replay,source,unseen_in_either_domain,dos-udp,15,100.0,100.0
iot_nidd_to_ton_iot_seed2_row_index_fixed,replay,source,unseen_in_either_domain,benign,360,68.5064935064935,58.611111111111114
iot_nidd_to_ton_iot_seed2_row_index_fixed,replay,source,unseen_in_either_domain,dos-http,81,92.02453987730061,92.5925925925926
iot_nidd_to_ton_iot_seed2_row_index_fixed,replay,source,unseen_in_either_domain,infog-scan-os,13,45.28301886792453,92.3076923076923
iot_nidd_to_ton_iot_seed2_row_index_fixed,replay,source,unseen_in_either_domain,mitm-arpspoof,11,17.582417582417584,72.72727272727273
iot_nidd_to_ton_iot_seed2_row_index_fixed,replay,source,unseen_in_either_domain,dos-tcp-ack,816,85.84534731323721,80.26960784313727
iot_nidd_to_ton_iot_seed2_row_index_fixed,replay,target,all,dos-tcp-syn,307,99.836867862969,99.6742671009772
iot_nidd_to_ton_iot_seed2_row_index_fixed,replay,target,all,infog-scan-port,469,98.71244635193133,98.08102345415777
iot_nidd_to_ton_iot_seed2_row_index_fixed,replay,target,all,benign,2727,96.01270289343684,99.77997799779979
iot_nidd_to_ton_iot_seed2_row_index_fixed,replay,target,all,dos-http,1834,97.56367663344408,96.07415485278081
iot_nidd_to_ton_iot_seed2_row_index_fixed,replay,target,all,mitm-arpspoof,161,12.571428571428573,6.832298136645963
iot_nidd_to_ton_iot_seed2_row_index_fixed,replay,target,all,malwr-brutef-ftp,20,90.9090909090909,100.0
iot_nidd_to_ton_iot_seed2_row_index_fixed,replay,target,all,inject-xss,493,96.11451942740287,95.33468559837728
iot_nidd_to_ton_iot_seed2_row_index_fixed,replay,target,all,malwr-ransomware,212,92.97052154195012,96.69811320754717
iot_nidd_to_ton_iot_seed2_row_index_fixed,replay,target,all,malwr-backd-tcp,1134,98.66548042704626,97.79541446208113
iot_nidd_to_ton_iot_seed2_row_index_fixed,replay,target,all,malwr-brutef-http,379,95.04685408299866,93.66754617414247
iot_nidd_to_ton_iot_seed2_row_index_fixed,replay,target,all,dos-tcp,5,0.0,0.0
iot_nidd_to_ton_iot_seed2_row_index_fixed,replay,target,all,inject-sql,714,94.67864547339323,95.93837535014006
iot_nidd_to_ton_iot_seed2_row_index_fixed,replay,target,unseen_within_domain,dos-tcp-syn,307,99.836867862969,99.6742671009772
iot_nidd_to_ton_iot_seed2_row_index_fixed,replay,target,unseen_within_domain,infog-scan-port,106,94.1747572815534,91.50943396226415
iot_nidd_to_ton_iot_seed2_row_index_fixed,replay,target,unseen_within_domain,benign,1689,98.76760563380282,99.64476021314387
iot_nidd_to_ton_iot_seed2_row_index_fixed,replay,target,unseen_within_domain,dos-http,1140,98.54945054945054,98.33333333333333
iot_nidd_to_ton_iot_seed2_row_index_fixed,replay,target,unseen_within_domain,mitm-arpspoof,31,48.888888888888886,35.483870967741936
iot_nidd_to_ton_iot_seed2_row_index_fixed,replay,target,unseen_within_domain,malwr-brutef-ftp,18,90.0,100.0
iot_nidd_to_ton_iot_seed2_row_index_fixed,replay,target,unseen_within_domain,inject-xss,492,96.21289662231321,95.52845528455285
iot_nidd_to_ton_iot_seed2_row_index_fixed,replay,target,unseen_within_domain,malwr-ransomware,212,92.97052154195012,96.69811320754717
iot_nidd_to_ton_iot_seed2_row_index_fixed,replay,target,unseen_within_domain,malwr-backd-tcp,1134,98.66548042704626,97.79541446208113
iot_nidd_to_ton_iot_seed2_row_index_fixed,replay,target,unseen_within_domain,malwr-brutef-http,379,95.04685408299866,93.66754617414247
iot_nidd_to_ton_iot_seed2_row_index_fixed,replay,target,unseen_within_domain,dos-tcp,3,0.0,0.0
iot_nidd_to_ton_iot_seed2_row_index_fixed,replay,target,unseen_within_domain,inject-sql,714,94.67864547339323,95.93837535014006
iot_nidd_to_ton_iot_seed2_row_index_fixed,replay,target,unseen_in_either_domain,dos-tcp-syn,307,99.836867862969,99.6742671009772
iot_nidd_to_ton_iot_seed2_row_index_fixed,replay,target,unseen_in_either_domain,infog-scan-port,106,94.1747572815534,91.50943396226415
iot_nidd_to_ton_iot_seed2_row_index_fixed,replay,target,unseen_in_either_domain,benign,1687,98.76615746180963,99.6443390634262
iot_nidd_to_ton_iot_seed2_row_index_fixed,replay,target,unseen_in_either_domain,dos-http,1140,98.54945054945054,98.33333333333333
iot_nidd_to_ton_iot_seed2_row_index_fixed,replay,target,unseen_in_either_domain,mitm-arpspoof,31,48.888888888888886,35.483870967741936
iot_nidd_to_ton_iot_seed2_row_index_fixed,replay,target,unseen_in_either_domain,malwr-brutef-ftp,18,90.0,100.0
iot_nidd_to_ton_iot_seed2_row_index_fixed,replay,target,unseen_in_either_domain,inject-xss,492,96.21289662231321,95.52845528455285
iot_nidd_to_ton_iot_seed2_row_index_fixed,replay,target,unseen_in_either_domain,malwr-ransomware,212,92.97052154195012,96.69811320754717
iot_nidd_to_ton_iot_seed2_row_index_fixed,replay,target,unseen_in_either_domain,malwr-backd-tcp,1134,98.66548042704626,97.79541446208113
iot_nidd_to_ton_iot_seed2_row_index_fixed,replay,target,unseen_in_either_domain,malwr-brutef-http,379,95.04685408299866,93.66754617414247
iot_nidd_to_ton_iot_seed2_row_index_fixed,replay,target,unseen_in_either_domain,dos-tcp,3,0.0,0.0
iot_nidd_to_ton_iot_seed2_row_index_fixed,replay,target,unseen_in_either_domain,inject-sql,714,94.67864547339323,95.93837535014006
iot_nidd_to_ton_iot_seed2_row_index_fixed,weighted,source,all,infog-scan-host,46,97.82608695652173,97.82608695652173
iot_nidd_to_ton_iot_seed2_row_index_fixed,weighted,source,all,malwr-brutef-telnet,6,19.672131147540984,100.0
iot_nidd_to_ton_iot_seed2_row_index_fixed,weighted,source,all,dos-tcp-syn,1783,77.84546328951588,68.0874929893438
iot_nidd_to_ton_iot_seed2_row_index_fixed,weighted,source,all,infog-scan-port,476,60.86956521739131,98.52941176470588
iot_nidd_to_ton_iot_seed2_row_index_fixed,weighted,source,all,dos-udp,15,96.7741935483871,100.0
iot_nidd_to_ton_iot_seed2_row_index_fixed,weighted,source,all,benign,2613,58.24,41.7910447761194
iot_nidd_to_ton_iot_seed2_row_index_fixed,weighted,source,all,dos-http,109,39.823008849557525,41.284403669724774
iot_nidd_to_ton_iot_seed2_row_index_fixed,weighted,source,all,infog-scan-os,13,48.888888888888886,84.61538461538461
iot_nidd_to_ton_iot_seed2_row_index_fixed,weighted,source,all,mitm-arpspoof,11,18.421052631578945,63.63636363636363
iot_nidd_to_ton_iot_seed2_row_index_fixed,weighted,source,all,dos-tcp-ack,927,48.127278753728866,78.31715210355988
iot_nidd_to_ton_iot_seed2_row_index_fixed,weighted,source,unseen_within_domain,infog-scan-host,28,96.42857142857143,96.42857142857143
iot_nidd_to_ton_iot_seed2_row_index_fixed,weighted,source,unseen_within_domain,malwr-brutef-telnet,6,21.052631578947366,100.0
iot_nidd_to_ton_iot_seed2_row_index_fixed,weighted,source,unseen_within_domain,dos-tcp-syn,1084,77.87610619469027,69.00369003690037
iot_nidd_to_ton_iot_seed2_row_index_fixed,weighted,source,unseen_within_domain,infog-scan-port,64,24.411134903640257,89.0625
iot_nidd_to_ton_iot_seed2_row_index_fixed,weighted,source,unseen_within_domain,dos-udp,15,96.7741935483871,100.0
iot_nidd_to_ton_iot_seed2_row_index_fixed,weighted,source,unseen_within_domain,benign,368,64.05451448040887,51.08695652173913
iot_nidd_to_ton_iot_seed2_row_index_fixed,weighted,source,unseen_within_domain,dos-http,81,38.50267379679144,44.44444444444444
iot_nidd_to_ton_iot_seed2_row_index_fixed,weighted,source,unseen_within_domain,infog-scan-os,13,50.0,84.61538461538461
iot_nidd_to_ton_iot_seed2_row_index_fixed,weighted,source,unseen_within_domain,mitm-arpspoof,11,18.91891891891892,63.63636363636363
iot_nidd_to_ton_iot_seed2_row_index_fixed,weighted,source,unseen_within_domain,dos-tcp-ack,816,87.8727634194831,81.25
iot_nidd_to_ton_iot_seed2_row_index_fixed,weighted,source,unseen_in_either_domain,infog-scan-host,28,96.42857142857143,96.42857142857143
iot_nidd_to_ton_iot_seed2_row_index_fixed,weighted,source,unseen_in_either_domain,malwr-brutef-telnet,6,21.052631578947366,100.0
iot_nidd_to_ton_iot_seed2_row_index_fixed,weighted,source,unseen_in_either_domain,dos-tcp-syn,1084,77.87610619469027,69.00369003690037
iot_nidd_to_ton_iot_seed2_row_index_fixed,weighted,source,unseen_in_either_domain,infog-scan-port,64,24.411134903640257,89.0625
iot_nidd_to_ton_iot_seed2_row_index_fixed,weighted,source,unseen_in_either_domain,dos-udp,15,96.7741935483871,100.0
iot_nidd_to_ton_iot_seed2_row_index_fixed,weighted,source,unseen_in_either_domain,benign,360,63.04728546409807,50.0
iot_nidd_to_ton_iot_seed2_row_index_fixed,weighted,source,unseen_in_either_domain,dos-http,81,38.50267379679144,44.44444444444444
iot_nidd_to_ton_iot_seed2_row_index_fixed,weighted,source,unseen_in_either_domain,infog-scan-os,13,50.0,84.61538461538461
iot_nidd_to_ton_iot_seed2_row_index_fixed,weighted,source,unseen_in_either_domain,mitm-arpspoof,11,18.91891891891892,63.63636363636363
iot_nidd_to_ton_iot_seed2_row_index_fixed,weighted,source,unseen_in_either_domain,dos-tcp-ack,816,87.8727634194831,81.25
iot_nidd_to_ton_iot_seed2_row_index_fixed,weighted,target,all,dos-tcp-syn,307,99.6742671009772,99.6742671009772
iot_nidd_to_ton_iot_seed2_row_index_fixed,weighted,target,all,infog-scan-port,469,98.82100750267952,98.29424307036247
iot_nidd_to_ton_iot_seed2_row_index_fixed,weighted,target,all,benign,2727,94.02006172839506,89.36560322698936
iot_nidd_to_ton_iot_seed2_row_index_fixed,weighted,target,all,dos-http,1834,98.7748434522189,98.90948745910578
iot_nidd_to_ton_iot_seed2_row_index_fixed,weighted,target,all,mitm-arpspoof,161,48.52686308492201,86.95652173913044
iot_nidd_to_ton_iot_seed2_row_index_fixed,weighted,target,all,malwr-brutef-ftp,20,90.9090909090909,100.0
iot_nidd_to_ton_iot_seed2_row_index_fixed,weighted,target,all,inject-xss,493,95.96774193548387,96.55172413793103
iot_nidd_to_ton_iot_seed2_row_index_fixed,weighted,target,all,malwr-ransomware,212,93.45372460496614,97.64150943396226
iot_nidd_to_ton_iot_seed2_row_index_fixed,weighted,target,all,malwr-backd-tcp,1134,98.70824053452117,97.70723104056437
iot_nidd_to_ton_iot_seed2_row_index_fixed,weighted,target,all,malwr-brutef-http,379,96.57894736842105,96.83377308707124
iot_nidd_to_ton_iot_seed2_row_index_fixed,weighted,target,all,dos-tcp,5,0.0,0.0
iot_nidd_to_ton_iot_seed2_row_index_fixed,weighted,target,all,inject-sql,714,95.07042253521126,94.53781512605042
iot_nidd_to_ton_iot_seed2_row_index_fixed,weighted,target,unseen_within_domain,dos-tcp-syn,307,99.6742671009772,99.6742671009772
iot_nidd_to_ton_iot_seed2_row_index_fixed,weighted,target,unseen_within_domain,infog-scan-port,106,94.68599033816425,92.45283018867924
iot_nidd_to_ton_iot_seed2_row_index_fixed,weighted,target,unseen_within_domain,benign,1689,99.29286977018268,99.76317347542924
iot_nidd_to_ton_iot_seed2_row_index_fixed,weighted,target,unseen_within_domain,dos-http,1140,98.24715162138476,98.33333333333333
iot_nidd_to_ton_iot_seed2_row_index_fixed,weighted,target,unseen_within_domain,mitm-arpspoof,31,40.0,32.25806451612903
iot_nidd_to_ton_iot_seed2_row_index_fixed,weighted,target,unseen_within_domain,malwr-brutef-ftp,18,90.0,100.0
iot_nidd_to_ton_iot_seed2_row_index_fixed,weighted,target,unseen_within_domain,inject-xss,492,96.06458123107971,96.7479674796748
iot_nidd_to_ton_iot_seed2_row_index_fixed,weighted,target,unseen_within_domain,malwr-ransomware,212,93.45372460496614,97.64150943396226
iot_nidd_to_ton_iot_seed2_row_index_fixed,weighted,target,unseen_within_domain,malwr-backd-tcp,1134,98.70824053452117,97.70723104056437
iot_nidd_to_ton_iot_seed2_row_index_fixed,weighted,target,unseen_within_domain,malwr-brutef-http,379,96.57894736842105,96.83377308707124
iot_nidd_to_ton_iot_seed2_row_index_fixed,weighted,target,unseen_within_domain,dos-tcp,3,0.0,0.0
iot_nidd_to_ton_iot_seed2_row_index_fixed,weighted,target,unseen_within_domain,inject-sql,714,95.07042253521126,94.53781512605042
iot_nidd_to_ton_iot_seed2_row_index_fixed,weighted,target,unseen_in_either_domain,dos-tcp-syn,307,99.6742671009772,99.6742671009772
iot_nidd_to_ton_iot_seed2_row_index_fixed,weighted,target,unseen_in_either_domain,infog-scan-port,106,94.68599033816425,92.45283018867924
iot_nidd_to_ton_iot_seed2_row_index_fixed,weighted,target,unseen_in_either_domain,benign,1687,99.29203539823008,99.7628927089508
iot_nidd_to_ton_iot_seed2_row_index_fixed,weighted,target,unseen_in_either_domain,dos-http,1140,98.24715162138476,98.33333333333333
iot_nidd_to_ton_iot_seed2_row_index_fixed,weighted,target,unseen_in_either_domain,mitm-arpspoof,31,40.0,32.25806451612903
iot_nidd_to_ton_iot_seed2_row_index_fixed,weighted,target,unseen_in_either_domain,malwr-brutef-ftp,18,90.0,100.0
iot_nidd_to_ton_iot_seed2_row_index_fixed,weighted,target,unseen_in_either_domain,inject-xss,492,96.06458123107971,96.7479674796748
iot_nidd_to_ton_iot_seed2_row_index_fixed,weighted,target,unseen_in_either_domain,malwr-ransomware,212,93.45372460496614,97.64150943396226
iot_nidd_to_ton_iot_seed2_row_index_fixed,weighted,target,unseen_in_either_domain,malwr-backd-tcp,1134,98.70824053452117,97.70723104056437
iot_nidd_to_ton_iot_seed2_row_index_fixed,weighted,target,unseen_in_either_domain,malwr-brutef-http,379,96.57894736842105,96.83377308707124
iot_nidd_to_ton_iot_seed2_row_index_fixed,weighted,target,unseen_in_either_domain,dos-tcp,3,0.0,0.0
iot_nidd_to_ton_iot_seed2_row_index_fixed,weighted,target,unseen_in_either_domain,inject-sql,714,95.07042253521126,94.53781512605042
iot_nidd_to_ton_iot_seed2_row_index_fixed,combined,source,all,infog-scan-host,46,87.37864077669903,97.82608695652173
iot_nidd_to_ton_iot_seed2_row_index_fixed,combined,source,all,malwr-brutef-telnet,6,36.36363636363637,100.0
iot_nidd_to_ton_iot_seed2_row_index_fixed,combined,source,all,dos-tcp-syn,1783,32.49097472924188,20.190689848569825
iot_nidd_to_ton_iot_seed2_row_index_fixed,combined,source,all,infog-scan-port,476,97.20207253886011,98.52941176470588
iot_nidd_to_ton_iot_seed2_row_index_fixed,combined,source,all,dos-udp,15,90.9090909090909,100.0
iot_nidd_to_ton_iot_seed2_row_index_fixed,combined,source,all,benign,2613,95.35250098463962,92.65212399540758
iot_nidd_to_ton_iot_seed2_row_index_fixed,combined,source,all,dos-http,109,79.14438502673798,67.88990825688074
iot_nidd_to_ton_iot_seed2_row_index_fixed,combined,source,all,infog-scan-os,13,34.375,84.61538461538461
iot_nidd_to_ton_iot_seed2_row_index_fixed,combined,source,all,mitm-arpspoof,11,21.052631578947366,72.72727272727273
iot_nidd_to_ton_iot_seed2_row_index_fixed,combined,source,all,dos-tcp-ack,927,52.64467952706907,91.2621359223301
iot_nidd_to_ton_iot_seed2_row_index_fixed,combined,source,unseen_within_domain,infog-scan-host,28,80.59701492537313,96.42857142857143
iot_nidd_to_ton_iot_seed2_row_index_fixed,combined,source,unseen_within_domain,malwr-brutef-telnet,6,37.5,100.0
iot_nidd_to_ton_iot_seed2_row_index_fixed,combined,source,unseen_within_domain,dos-tcp-syn,1084,33.88608507570295,21.678966789667896
iot_nidd_to_ton_iot_seed2_row_index_fixed,combined,source,unseen_within_domain,infog-scan-port,64,84.44444444444444,89.0625
iot_nidd_to_ton_iot_seed2_row_index_fixed,combined,source,unseen_within_domain,dos-udp,15,90.9090909090909,100.0
iot_nidd_to_ton_iot_seed2_row_index_fixed,combined,source,unseen_within_domain,benign,368,67.22408026755853,54.61956521739131
iot_nidd_to_ton_iot_seed2_row_index_fixed,combined,source,unseen_within_domain,dos-http,81,84.35374149659864,76.5432098765432
iot_nidd_to_ton_iot_seed2_row_index_fixed,combined,source,unseen_within_domain,infog-scan-os,13,40.0,84.61538461538461
iot_nidd_to_ton_iot_seed2_row_index_fixed,combined,source,unseen_within_domain,mitm-arpspoof,11,21.333333333333336,72.72727272727273
iot_nidd_to_ton_iot_seed2_row_index_fixed,combined,source,unseen_within_domain,dos-tcp-ack,816,61.506622516556284,91.05392156862744
iot_nidd_to_ton_iot_seed2_row_index_fixed,combined,source,unseen_in_either_domain,infog-scan-host,28,80.59701492537313,96.42857142857143
iot_nidd_to_ton_iot_seed2_row_index_fixed,combined,source,unseen_in_either_domain,malwr-brutef-telnet,6,37.5,100.0
iot_nidd_to_ton_iot_seed2_row_index_fixed,combined,source,unseen_in_either_domain,dos-tcp-syn,1084,33.88608507570295,21.678966789667896
iot_nidd_to_ton_iot_seed2_row_index_fixed,combined,source,unseen_in_either_domain,infog-scan-port,64,84.44444444444444,89.0625
iot_nidd_to_ton_iot_seed2_row_index_fixed,combined,source,unseen_in_either_domain,dos-udp,15,90.9090909090909,100.0
iot_nidd_to_ton_iot_seed2_row_index_fixed,combined,source,unseen_in_either_domain,benign,360,66.32302405498281,53.61111111111111
iot_nidd_to_ton_iot_seed2_row_index_fixed,combined,source,unseen_in_either_domain,dos-http,81,84.35374149659864,76.5432098765432
iot_nidd_to_ton_iot_seed2_row_index_fixed,combined,source,unseen_in_either_domain,infog-scan-os,13,40.0,84.61538461538461
iot_nidd_to_ton_iot_seed2_row_index_fixed,combined,source,unseen_in_either_domain,mitm-arpspoof,11,21.333333333333336,72.72727272727273
iot_nidd_to_ton_iot_seed2_row_index_fixed,combined,source,unseen_in_either_domain,dos-tcp-ack,816,61.506622516556284,91.05392156862744
iot_nidd_to_ton_iot_seed2_row_index_fixed,combined,target,all,dos-tcp-syn,307,99.836867862969,99.6742671009772
iot_nidd_to_ton_iot_seed2_row_index_fixed,combined,target,all,infog-scan-port,469,98.82100750267952,98.29424307036247
iot_nidd_to_ton_iot_seed2_row_index_fixed,combined,target,all,benign,2727,96.34670487106017,98.64319765309865
iot_nidd_to_ton_iot_seed2_row_index_fixed,combined,target,all,dos-http,1834,96.58778205833792,95.69247546346783
iot_nidd_to_ton_iot_seed2_row_index_fixed,combined,target,all,mitm-arpspoof,161,5.240174672489083,3.7267080745341614
iot_nidd_to_ton_iot_seed2_row_index_fixed,combined,target,all,malwr-brutef-ftp,20,90.9090909090909,100.0
iot_nidd_to_ton_iot_seed2_row_index_fixed,combined,target,all,inject-xss,493,94.58917835671342,95.74036511156187
iot_nidd_to_ton_iot_seed2_row_index_fixed,combined,target,all,malwr-ransomware,212,92.82511210762333,97.64150943396226
iot_nidd_to_ton_iot_seed2_row_index_fixed,combined,target,all,malwr-backd-tcp,1134,98.57142857142858,97.35449735449735
iot_nidd_to_ton_iot_seed2_row_index_fixed,combined,target,all,malwr-brutef-http,379,93.66754617414247,93.66754617414247
iot_nidd_to_ton_iot_seed2_row_index_fixed,combined,target,all,dos-tcp,5,0.0,0.0
iot_nidd_to_ton_iot_seed2_row_index_fixed,combined,target,all,inject-sql,714,92.51412429378531,91.73669467787114
iot_nidd_to_ton_iot_seed2_row_index_fixed,combined,target,unseen_within_domain,dos-tcp-syn,307,99.836867862969,99.6742671009772
iot_nidd_to_ton_iot_seed2_row_index_fixed,combined,target,unseen_within_domain,infog-scan-port,106,94.68599033816425,92.45283018867924
iot_nidd_to_ton_iot_seed2_row_index_fixed,combined,target,unseen_within_domain,benign,1689,98.3809243450103,98.93428063943162
iot_nidd_to_ton_iot_seed2_row_index_fixed,combined,target,unseen_within_domain,dos-http,1140,97.80701754385966,97.80701754385966
iot_nidd_to_ton_iot_seed2_row_index_fixed,combined,target,unseen_within_domain,mitm-arpspoof,31,26.08695652173913,19.35483870967742
iot_nidd_to_ton_iot_seed2_row_index_fixed,combined,target,unseen_within_domain,malwr-brutef-ftp,18,90.0,100.0
iot_nidd_to_ton_iot_seed2_row_index_fixed,combined,target,unseen_within_domain,inject-xss,492,94.6840521564694,95.9349593495935
iot_nidd_to_ton_iot_seed2_row_index_fixed,combined,target,unseen_within_domain,malwr-ransomware,212,92.82511210762333,97.64150943396226
iot_nidd_to_ton_iot_seed2_row_index_fixed,combined,target,unseen_within_domain,malwr-backd-tcp,1134,98.57142857142858,97.35449735449735
iot_nidd_to_ton_iot_seed2_row_index_fixed,combined,target,unseen_within_domain,malwr-brutef-http,379,93.66754617414247,93.66754617414247
iot_nidd_to_ton_iot_seed2_row_index_fixed,combined,target,unseen_within_domain,dos-tcp,3,0.0,0.0
iot_nidd_to_ton_iot_seed2_row_index_fixed,combined,target,unseen_within_domain,inject-sql,714,92.51412429378531,91.73669467787114
iot_nidd_to_ton_iot_seed2_row_index_fixed,combined,target,unseen_in_either_domain,dos-tcp-syn,307,99.836867862969,99.6742671009772
iot_nidd_to_ton_iot_seed2_row_index_fixed,combined,target,unseen_in_either_domain,infog-scan-port,106,94.68599033816425,92.45283018867924
iot_nidd_to_ton_iot_seed2_row_index_fixed,combined,target,unseen_in_either_domain,benign,1687,98.37901562039492,98.9330171902786
iot_nidd_to_ton_iot_seed2_row_index_fixed,combined,target,unseen_in_either_domain,dos-http,1140,97.80701754385966,97.80701754385966
iot_nidd_to_ton_iot_seed2_row_index_fixed,combined,target,unseen_in_either_domain,mitm-arpspoof,31,26.08695652173913,19.35483870967742
iot_nidd_to_ton_iot_seed2_row_index_fixed,combined,target,unseen_in_either_domain,malwr-brutef-ftp,18,90.0,100.0
iot_nidd_to_ton_iot_seed2_row_index_fixed,combined,target,unseen_in_either_domain,inject-xss,492,94.6840521564694,95.9349593495935
iot_nidd_to_ton_iot_seed2_row_index_fixed,combined,target,unseen_in_either_domain,malwr-ransomware,212,92.82511210762333,97.64150943396226
iot_nidd_to_ton_iot_seed2_row_index_fixed,combined,target,unseen_in_either_domain,malwr-backd-tcp,1134,98.57142857142858,97.35449735449735
iot_nidd_to_ton_iot_seed2_row_index_fixed,combined,target,unseen_in_either_domain,malwr-brutef-http,379,93.66754617414247,93.66754617414247
iot_nidd_to_ton_iot_seed2_row_index_fixed,combined,target,unseen_in_either_domain,dos-tcp,3,0.0,0.0
iot_nidd_to_ton_iot_seed2_row_index_fixed,combined,target,unseen_in_either_domain,inject-sql,714,92.51412429378531,91.73669467787114
iot_nidd_to_ton_iot_seed3_row_index_fixed,ft_mem,source,all,dos-http,109,83.56807511737088,81.65137614678899
iot_nidd_to_ton_iot_seed3_row_index_fixed,ft_mem,source,all,malwr-brutef-telnet,6,58.82352941176471,83.33333333333334
iot_nidd_to_ton_iot_seed3_row_index_fixed,ft_mem,source,all,infog-scan-port,476,85.34322820037106,96.63865546218487
iot_nidd_to_ton_iot_seed3_row_index_fixed,ft_mem,source,all,mitm-arpspoof,11,22.535211267605636,72.72727272727273
iot_nidd_to_ton_iot_seed3_row_index_fixed,ft_mem,source,all,infog-scan-host,46,74.66666666666667,60.86956521739131
iot_nidd_to_ton_iot_seed3_row_index_fixed,ft_mem,source,all,dos-tcp-ack,927,81.79031269160023,71.95253505933118
iot_nidd_to_ton_iot_seed3_row_index_fixed,ft_mem,source,all,dos-udp,15,96.7741935483871,100.0
iot_nidd_to_ton_iot_seed3_row_index_fixed,ft_mem,source,all,benign,2613,94.48788861338929,94.79525449674703
iot_nidd_to_ton_iot_seed3_row_index_fixed,ft_mem,source,all,dos-tcp-syn,1783,92.51471825063078,92.54066180594504
iot_nidd_to_ton_iot_seed3_row_index_fixed,ft_mem,source,all,infog-scan-os,13,62.857142857142854,84.61538461538461
iot_nidd_to_ton_iot_seed3_row_index_fixed,ft_mem,source,unseen_within_domain,dos-http,81,89.53488372093024,95.06172839506173
iot_nidd_to_ton_iot_seed3_row_index_fixed,ft_mem,source,unseen_within_domain,malwr-brutef-telnet,6,62.5,83.33333333333334
iot_nidd_to_ton_iot_seed3_row_index_fixed,ft_mem,source,unseen_within_domain,infog-scan-port,64,49.740932642487046,75.0
iot_nidd_to_ton_iot_seed3_row_index_fixed,ft_mem,source,unseen_within_domain,mitm-arpspoof,11,22.857142857142858,72.72727272727273
iot_nidd_to_ton_iot_seed3_row_index_fixed,ft_mem,source,unseen_within_domain,infog-scan-host,28,98.24561403508771,100.0
iot_nidd_to_ton_iot_seed3_row_index_fixed,ft_mem,source,unseen_within_domain,dos-tcp-ack,816,84.15977961432507,74.87745098039215
iot_nidd_to_ton_iot_seed3_row_index_fixed,ft_mem,source,unseen_within_domain,dos-udp,15,96.7741935483871,100.0
iot_nidd_to_ton_iot_seed3_row_index_fixed,ft_mem,source,unseen_within_domain,benign,368,68.85245901639344,68.47826086956522
iot_nidd_to_ton_iot_seed3_row_index_fixed,ft_mem,source,unseen_within_domain,dos-tcp-syn,1084,92.30064161319889,92.89667896678966
iot_nidd_to_ton_iot_seed3_row_index_fixed,ft_mem,source,unseen_within_domain,infog-scan-os,13,70.96774193548387,84.61538461538461
iot_nidd_to_ton_iot_seed3_row_index_fixed,ft_mem,source,unseen_in_either_domain,dos-http,81,89.53488372093024,95.06172839506173
iot_nidd_to_ton_iot_seed3_row_index_fixed,ft_mem,source,unseen_in_either_domain,malwr-brutef-telnet,6,62.5,83.33333333333334
iot_nidd_to_ton_iot_seed3_row_index_fixed,ft_mem,source,unseen_in_either_domain,infog-scan-port,64,49.740932642487046,75.0
iot_nidd_to_ton_iot_seed3_row_index_fixed,ft_mem,source,unseen_in_either_domain,mitm-arpspoof,11,22.857142857142858,72.72727272727273
iot_nidd_to_ton_iot_seed3_row_index_fixed,ft_mem,source,unseen_in_either_domain,infog-scan-host,28,98.24561403508771,100.0
iot_nidd_to_ton_iot_seed3_row_index_fixed,ft_mem,source,unseen_in_either_domain,dos-tcp-ack,816,84.15977961432507,74.87745098039215
iot_nidd_to_ton_iot_seed3_row_index_fixed,ft_mem,source,unseen_in_either_domain,dos-udp,15,96.7741935483871,100.0
iot_nidd_to_ton_iot_seed3_row_index_fixed,ft_mem,source,unseen_in_either_domain,benign,360,68.15642458100558,67.77777777777779
iot_nidd_to_ton_iot_seed3_row_index_fixed,ft_mem,source,unseen_in_either_domain,dos-tcp-syn,1084,92.30064161319889,92.89667896678966
iot_nidd_to_ton_iot_seed3_row_index_fixed,ft_mem,source,unseen_in_either_domain,infog-scan-os,13,70.96774193548387,84.61538461538461
iot_nidd_to_ton_iot_seed3_row_index_fixed,ft_mem,target,all,dos-http,1834,98.8843537414966,99.07306434023991
iot_nidd_to_ton_iot_seed3_row_index_fixed,ft_mem,target,all,infog-scan-port,469,98.6096256684492,98.29424307036247
iot_nidd_to_ton_iot_seed3_row_index_fixed,ft_mem,target,all,mitm-arpspoof,161,12.429378531073446,6.832298136645963
iot_nidd_to_ton_iot_seed3_row_index_fixed,ft_mem,target,all,benign,2727,97.03359542530379,99.55995599559955
iot_nidd_to_ton_iot_seed3_row_index_fixed,ft_mem,target,all,dos-tcp-syn,307,99.6742671009772,99.6742671009772
iot_nidd_to_ton_iot_seed3_row_index_fixed,ft_mem,target,all,malwr-brutef-ftp,20,90.9090909090909,100.0
iot_nidd_to_ton_iot_seed3_row_index_fixed,ft_mem,target,all,inject-xss,493,96.54471544715447,96.34888438133873
iot_nidd_to_ton_iot_seed3_row_index_fixed,ft_mem,target,all,malwr-ransomware,212,93.00225733634312,97.16981132075472
iot_nidd_to_ton_iot_seed3_row_index_fixed,ft_mem,target,all,malwr-backd-tcp,1134,98.57651245551602,97.70723104056437
iot_nidd_to_ton_iot_seed3_row_index_fixed,ft_mem,target,all,malwr-brutef-http,379,95.62913907284768,95.25065963060686
iot_nidd_to_ton_iot_seed3_row_index_fixed,ft_mem,target,all,dos-tcp,5,0.0,0.0
iot_nidd_to_ton_iot_seed3_row_index_fixed,ft_mem,target,all,inject-sql,714,94.75890985324948,94.9579831932773
iot_nidd_to_ton_iot_seed3_row_index_fixed,ft_mem,target,unseen_within_domain,dos-http,1140,98.29321663019694,98.50877192982456
iot_nidd_to_ton_iot_seed3_row_index_fixed,ft_mem,target,unseen_within_domain,infog-scan-port,106,93.77990430622009,92.45283018867924
iot_nidd_to_ton_iot_seed3_row_index_fixed,ft_mem,target,unseen_within_domain,mitm-arpspoof,31,46.808510638297875,35.483870967741936
iot_nidd_to_ton_iot_seed3_row_index_fixed,ft_mem,target,unseen_within_domain,benign,1689,98.967246975509,99.28952042628775
iot_nidd_to_ton_iot_seed3_row_index_fixed,ft_mem,target,unseen_within_domain,dos-tcp-syn,307,99.6742671009772,99.6742671009772
iot_nidd_to_ton_iot_seed3_row_index_fixed,ft_mem,target,unseen_within_domain,malwr-brutef-ftp,18,90.0,100.0
iot_nidd_to_ton_iot_seed3_row_index_fixed,ft_mem,target,unseen_within_domain,inject-xss,492,96.64292980671414,96.54471544715447
iot_nidd_to_ton_iot_seed3_row_index_fixed,ft_mem,target,unseen_within_domain,malwr-ransomware,212,93.00225733634312,97.16981132075472
iot_nidd_to_ton_iot_seed3_row_index_fixed,ft_mem,target,unseen_within_domain,malwr-backd-tcp,1134,98.57651245551602,97.70723104056437
iot_nidd_to_ton_iot_seed3_row_index_fixed,ft_mem,target,unseen_within_domain,malwr-brutef-http,379,95.62913907284768,95.25065963060686
iot_nidd_to_ton_iot_seed3_row_index_fixed,ft_mem,target,unseen_within_domain,dos-tcp,3,0.0,0.0
iot_nidd_to_ton_iot_seed3_row_index_fixed,ft_mem,target,unseen_within_domain,inject-sql,714,94.75890985324948,94.9579831932773
iot_nidd_to_ton_iot_seed3_row_index_fixed,ft_mem,target,unseen_in_either_domain,dos-http,1140,98.29321663019694,98.50877192982456
iot_nidd_to_ton_iot_seed3_row_index_fixed,ft_mem,target,unseen_in_either_domain,infog-scan-port,106,93.77990430622009,92.45283018867924
iot_nidd_to_ton_iot_seed3_row_index_fixed,ft_mem,target,unseen_in_either_domain,mitm-arpspoof,31,46.808510638297875,35.483870967741936
iot_nidd_to_ton_iot_seed3_row_index_fixed,ft_mem,target,unseen_in_either_domain,benign,1687,98.96602658788774,99.2886781268524
iot_nidd_to_ton_iot_seed3_row_index_fixed,ft_mem,target,unseen_in_either_domain,dos-tcp-syn,307,99.6742671009772,99.6742671009772
iot_nidd_to_ton_iot_seed3_row_index_fixed,ft_mem,target,unseen_in_either_domain,malwr-brutef-ftp,18,90.0,100.0
iot_nidd_to_ton_iot_seed3_row_index_fixed,ft_mem,target,unseen_in_either_domain,inject-xss,492,96.64292980671414,96.54471544715447
iot_nidd_to_ton_iot_seed3_row_index_fixed,ft_mem,target,unseen_in_either_domain,malwr-ransomware,212,93.00225733634312,97.16981132075472
iot_nidd_to_ton_iot_seed3_row_index_fixed,ft_mem,target,unseen_in_either_domain,malwr-backd-tcp,1134,98.57651245551602,97.70723104056437
iot_nidd_to_ton_iot_seed3_row_index_fixed,ft_mem,target,unseen_in_either_domain,malwr-brutef-http,379,95.62913907284768,95.25065963060686
iot_nidd_to_ton_iot_seed3_row_index_fixed,ft_mem,target,unseen_in_either_domain,dos-tcp,3,0.0,0.0
iot_nidd_to_ton_iot_seed3_row_index_fixed,ft_mem,target,unseen_in_either_domain,inject-sql,714,94.75890985324948,94.9579831932773
iot_nidd_to_ton_iot_seed3_row_index_fixed,replay,source,all,dos-http,109,87.25490196078431,81.65137614678899
iot_nidd_to_ton_iot_seed3_row_index_fixed,replay,source,all,malwr-brutef-telnet,6,55.55555555555556,83.33333333333334
iot_nidd_to_ton_iot_seed3_row_index_fixed,replay,source,all,infog-scan-port,476,90.4716073147257,98.73949579831933
iot_nidd_to_ton_iot_seed3_row_index_fixed,replay,source,all,mitm-arpspoof,11,19.753086419753085,72.72727272727273
iot_nidd_to_ton_iot_seed3_row_index_fixed,replay,source,all,infog-scan-host,46,97.87234042553192,100.0
iot_nidd_to_ton_iot_seed3_row_index_fixed,replay,source,all,dos-tcp-ack,927,83.93402565668907,74.11003236245955
iot_nidd_to_ton_iot_seed3_row_index_fixed,replay,source,all,dos-udp,15,100.0,100.0
iot_nidd_to_ton_iot_seed3_row_index_fixed,replay,source,all,benign,2613,95.32457496136011,94.41255262150786
iot_nidd_to_ton_iot_seed3_row_index_fixed,replay,source,all,dos-tcp-syn,1783,93.72754904669797,95.12058328659563
iot_nidd_to_ton_iot_seed3_row_index_fixed,replay,source,all,infog-scan-os,13,39.34426229508197,92.3076923076923
iot_nidd_to_ton_iot_seed3_row_index_fixed,replay,source,unseen_within_domain,dos-http,81,93.90243902439023,95.06172839506173
iot_nidd_to_ton_iot_seed3_row_index_fixed,replay,source,unseen_within_domain,malwr-brutef-telnet,6,58.82352941176471,83.33333333333334
iot_nidd_to_ton_iot_seed3_row_index_fixed,replay,source,unseen_within_domain,infog-scan-port,64,65.9090909090909,90.625
iot_nidd_to_ton_iot_seed3_row_index_fixed,replay,source,unseen_within_domain,mitm-arpspoof,11,20.253164556962027,72.72727272727273
iot_nidd_to_ton_iot_seed3_row_index_fixed,replay,source,unseen_within_domain,infog-scan-host,28,96.55172413793103,100.0
iot_nidd_to_ton_iot_seed3_row_index_fixed,replay,source,unseen_within_domain,dos-tcp-ack,816,85.69482288828338,77.08333333333334
iot_nidd_to_ton_iot_seed3_row_index_fixed,replay,source,unseen_within_domain,dos-udp,15,100.0,100.0
iot_nidd_to_ton_iot_seed3_row_index_fixed,replay,source,unseen_within_domain,benign,368,70.08797653958945,64.94565217391305
iot_nidd_to_ton_iot_seed3_row_index_fixed,replay,source,unseen_within_domain,dos-tcp-syn,1084,93.43594386600272,95.20295202952029
iot_nidd_to_ton_iot_seed3_row_index_fixed,replay,source,unseen_within_domain,infog-scan-os,13,48.0,92.3076923076923
iot_nidd_to_ton_iot_seed3_row_index_fixed,replay,source,unseen_in_either_domain,dos-http,81,93.90243902439023,95.06172839506173
iot_nidd_to_ton_iot_seed3_row_index_fixed,replay,source,unseen_in_either_domain,malwr-brutef-telnet,6,58.82352941176471,83.33333333333334
iot_nidd_to_ton_iot_seed3_row_index_fixed,replay,source,unseen_in_either_domain,infog-scan-port,64,65.9090909090909,90.625
iot_nidd_to_ton_iot_seed3_row_index_fixed,replay,source,unseen_in_either_domain,mitm-arpspoof,11,20.253164556962027,72.72727272727273
iot_nidd_to_ton_iot_seed3_row_index_fixed,replay,source,unseen_in_either_domain,infog-scan-host,28,96.55172413793103,100.0
iot_nidd_to_ton_iot_seed3_row_index_fixed,replay,source,unseen_in_either_domain,dos-tcp-ack,816,85.69482288828338,77.08333333333334
iot_nidd_to_ton_iot_seed3_row_index_fixed,replay,source,unseen_in_either_domain,dos-udp,15,100.0,100.0
iot_nidd_to_ton_iot_seed3_row_index_fixed,replay,source,unseen_in_either_domain,benign,360,69.36936936936937,64.16666666666667
iot_nidd_to_ton_iot_seed3_row_index_fixed,replay,source,unseen_in_either_domain,dos-tcp-syn,1084,93.43594386600272,95.20295202952029
iot_nidd_to_ton_iot_seed3_row_index_fixed,replay,source,unseen_in_either_domain,infog-scan-os,13,48.0,92.3076923076923
iot_nidd_to_ton_iot_seed3_row_index_fixed,replay,target,all,dos-http,1834,98.93761917733588,99.0185387131952
iot_nidd_to_ton_iot_seed3_row_index_fixed,replay,target,all,infog-scan-port,469,98.29059829059828,98.08102345415777
iot_nidd_to_ton_iot_seed3_row_index_fixed,replay,target,all,mitm-arpspoof,161,11.11111111111111,6.211180124223603
iot_nidd_to_ton_iot_seed3_row_index_fixed,replay,target,all,benign,2727,96.8075619761013,99.52328566189952
iot_nidd_to_ton_iot_seed3_row_index_fixed,replay,target,all,dos-tcp-syn,307,99.836867862969,99.6742671009772
iot_nidd_to_ton_iot_seed3_row_index_fixed,replay,target,all,malwr-brutef-ftp,20,90.9090909090909,100.0
iot_nidd_to_ton_iot_seed3_row_index_fixed,replay,target,all,inject-xss,493,96.14604462474645,96.14604462474645
iot_nidd_to_ton_iot_seed3_row_index_fixed,replay,target,all,malwr-ransomware,212,92.97052154195012,96.69811320754717
iot_nidd_to_ton_iot_seed3_row_index_fixed,replay,target,all,malwr-backd-tcp,1134,98.61915367483296,97.61904761904762
iot_nidd_to_ton_iot_seed3_row_index_fixed,replay,target,all,malwr-brutef-http,379,95.36423841059603,94.9868073878628
iot_nidd_to_ton_iot_seed3_row_index_fixed,replay,target,all,dos-tcp,5,0.0,0.0
iot_nidd_to_ton_iot_seed3_row_index_fixed,replay,target,all,inject-sql,714,94.17543859649122,93.97759103641457
iot_nidd_to_ton_iot_seed3_row_index_fixed,replay,target,unseen_within_domain,dos-http,1140,98.37790442788251,98.42105263157895
iot_nidd_to_ton_iot_seed3_row_index_fixed,replay,target,unseen_within_domain,infog-scan-port,106,92.38095238095238,91.50943396226415
iot_nidd_to_ton_iot_seed3_row_index_fixed,replay,target,unseen_within_domain,mitm-arpspoof,31,40.0,32.25806451612903
iot_nidd_to_ton_iot_seed3_row_index_fixed,replay,target,unseen_within_domain,benign,1689,98.58823529411764,99.23031379514505
iot_nidd_to_ton_iot_seed3_row_index_fixed,replay,target,unseen_within_domain,dos-tcp-syn,307,99.836867862969,99.6742671009772
iot_nidd_to_ton_iot_seed3_row_index_fixed,replay,target,unseen_within_domain,malwr-brutef-ftp,18,90.0,100.0
iot_nidd_to_ton_iot_seed3_row_index_fixed,replay,target,unseen_within_domain,inject-xss,492,96.24365482233502,96.34146341463415
iot_nidd_to_ton_iot_seed3_row_index_fixed,replay,target,unseen_within_domain,malwr-ransomware,212,92.97052154195012,96.69811320754717
iot_nidd_to_ton_iot_seed3_row_index_fixed,replay,target,unseen_within_domain,malwr-backd-tcp,1134,98.61915367483296,97.61904761904762
iot_nidd_to_ton_iot_seed3_row_index_fixed,replay,target,unseen_within_domain,malwr-brutef-http,379,95.36423841059603,94.9868073878628
iot_nidd_to_ton_iot_seed3_row_index_fixed,replay,target,unseen_within_domain,dos-tcp,3,0.0,0.0
iot_nidd_to_ton_iot_seed3_row_index_fixed,replay,target,unseen_within_domain,inject-sql,714,94.17543859649122,93.97759103641457
iot_nidd_to_ton_iot_seed3_row_index_fixed,replay,target,unseen_in_either_domain,dos-http,1140,98.37790442788251,98.42105263157895
iot_nidd_to_ton_iot_seed3_row_index_fixed,replay,target,unseen_in_either_domain,infog-scan-port,106,92.38095238095238,91.50943396226415
iot_nidd_to_ton_iot_seed3_row_index_fixed,replay,target,unseen_in_either_domain,mitm-arpspoof,31,40.0,32.25806451612903
iot_nidd_to_ton_iot_seed3_row_index_fixed,replay,target,unseen_in_either_domain,benign,1687,98.58657243816255,99.2294013040901
iot_nidd_to_ton_iot_seed3_row_index_fixed,replay,target,unseen_in_either_domain,dos-tcp-syn,307,99.836867862969,99.6742671009772
iot_nidd_to_ton_iot_seed3_row_index_fixed,replay,target,unseen_in_either_domain,malwr-brutef-ftp,18,90.0,100.0
iot_nidd_to_ton_iot_seed3_row_index_fixed,replay,target,unseen_in_either_domain,inject-xss,492,96.24365482233502,96.34146341463415
iot_nidd_to_ton_iot_seed3_row_index_fixed,replay,target,unseen_in_either_domain,malwr-ransomware,212,92.97052154195012,96.69811320754717
iot_nidd_to_ton_iot_seed3_row_index_fixed,replay,target,unseen_in_either_domain,malwr-backd-tcp,1134,98.61915367483296,97.61904761904762
iot_nidd_to_ton_iot_seed3_row_index_fixed,replay,target,unseen_in_either_domain,malwr-brutef-http,379,95.36423841059603,94.9868073878628
iot_nidd_to_ton_iot_seed3_row_index_fixed,replay,target,unseen_in_either_domain,dos-tcp,3,0.0,0.0
iot_nidd_to_ton_iot_seed3_row_index_fixed,replay,target,unseen_in_either_domain,inject-sql,714,94.17543859649122,93.97759103641457
iot_nidd_to_ton_iot_seed3_row_index_fixed,weighted,source,all,dos-http,109,16.923076923076923,10.091743119266056
iot_nidd_to_ton_iot_seed3_row_index_fixed,weighted,source,all,malwr-brutef-telnet,6,36.36363636363637,33.33333333333333
iot_nidd_to_ton_iot_seed3_row_index_fixed,weighted,source,all,infog-scan-port,476,79.82683982683983,96.84873949579831
iot_nidd_to_ton_iot_seed3_row_index_fixed,weighted,source,all,mitm-arpspoof,11,1.6967126193001063,72.72727272727273
iot_nidd_to_ton_iot_seed3_row_index_fixed,weighted,source,all,infog-scan-host,46,88.46153846153845,100.0
iot_nidd_to_ton_iot_seed3_row_index_fixed,weighted,source,all,dos-tcp-ack,927,58.768511301636785,81.33764832793959
iot_nidd_to_ton_iot_seed3_row_index_fixed,weighted,source,all,dos-udp,15,93.75,100.0
iot_nidd_to_ton_iot_seed3_row_index_fixed,weighted,source,all,benign,2613,74.416454818581,61.615001913509374
iot_nidd_to_ton_iot_seed3_row_index_fixed,weighted,source,all,dos-tcp-syn,1783,56.07766990291262,40.49355019629837
iot_nidd_to_ton_iot_seed3_row_index_fixed,weighted,source,all,infog-scan-os,13,20.869565217391305,92.3076923076923
iot_nidd_to_ton_iot_seed3_row_index_fixed,weighted,source,unseen_within_domain,dos-http,81,6.451612903225806,3.7037037037037033
iot_nidd_to_ton_iot_seed3_row_index_fixed,weighted,source,unseen_within_domain,malwr-brutef-telnet,6,40.0,33.33333333333333
iot_nidd_to_ton_iot_seed3_row_index_fixed,weighted,source,unseen_within_domain,infog-scan-port,64,41.17647058823529,76.5625
iot_nidd_to_ton_iot_seed3_row_index_fixed,weighted,source,unseen_within_domain,mitm-arpspoof,11,23.52941176470588,72.72727272727273
iot_nidd_to_ton_iot_seed3_row_index_fixed,weighted,source,unseen_within_domain,infog-scan-host,28,83.5820895522388,100.0
iot_nidd_to_ton_iot_seed3_row_index_fixed,weighted,source,unseen_within_domain,dos-tcp-ack,816,66.66666666666666,82.84313725490196
iot_nidd_to_ton_iot_seed3_row_index_fixed,weighted,source,unseen_within_domain,dos-udp,15,93.75,100.0
iot_nidd_to_ton_iot_seed3_row_index_fixed,weighted,source,unseen_within_domain,benign,368,69.29577464788733,66.84782608695652
iot_nidd_to_ton_iot_seed3_row_index_fixed,weighted,source,unseen_within_domain,dos-tcp-syn,1084,56.4914502849905,41.14391143911439
iot_nidd_to_ton_iot_seed3_row_index_fixed,weighted,source,unseen_within_domain,infog-scan-os,13,22.429906542056074,92.3076923076923
iot_nidd_to_ton_iot_seed3_row_index_fixed,weighted,source,unseen_in_either_domain,dos-http,81,6.451612903225806,3.7037037037037033
iot_nidd_to_ton_iot_seed3_row_index_fixed,weighted,source,unseen_in_either_domain,malwr-brutef-telnet,6,40.0,33.33333333333333
iot_nidd_to_ton_iot_seed3_row_index_fixed,weighted,source,unseen_in_either_domain,infog-scan-port,64,41.17647058823529,76.5625
iot_nidd_to_ton_iot_seed3_row_index_fixed,weighted,source,unseen_in_either_domain,mitm-arpspoof,11,23.52941176470588,72.72727272727273
iot_nidd_to_ton_iot_seed3_row_index_fixed,weighted,source,unseen_in_either_domain,infog-scan-host,28,83.5820895522388,100.0
iot_nidd_to_ton_iot_seed3_row_index_fixed,weighted,source,unseen_in_either_domain,dos-tcp-ack,816,66.66666666666666,82.84313725490196
iot_nidd_to_ton_iot_seed3_row_index_fixed,weighted,source,unseen_in_either_domain,dos-udp,15,93.75,100.0
iot_nidd_to_ton_iot_seed3_row_index_fixed,weighted,source,unseen_in_either_domain,benign,360,68.58789625360231,66.11111111111111
iot_nidd_to_ton_iot_seed3_row_index_fixed,weighted,source,unseen_in_either_domain,dos-tcp-syn,1084,56.4914502849905,41.14391143911439
iot_nidd_to_ton_iot_seed3_row_index_fixed,weighted,source,unseen_in_either_domain,infog-scan-os,13,22.429906542056074,92.3076923076923
iot_nidd_to_ton_iot_seed3_row_index_fixed,weighted,target,all,dos-http,1834,98.8280185336604,98.85496183206108
iot_nidd_to_ton_iot_seed3_row_index_fixed,weighted,target,all,infog-scan-port,469,98.82352941176471,98.50746268656717
iot_nidd_to_ton_iot_seed3_row_index_fixed,weighted,target,all,mitm-arpspoof,161,48.25174825174825,85.71428571428571
iot_nidd_to_ton_iot_seed3_row_index_fixed,weighted,target,all,benign,2727,93.82810997885022,89.47561422808947
iot_nidd_to_ton_iot_seed3_row_index_fixed,weighted,target,all,dos-tcp-syn,307,99.6742671009772,99.6742671009772
iot_nidd_to_ton_iot_seed3_row_index_fixed,weighted,target,all,malwr-brutef-ftp,20,90.9090909090909,100.0
iot_nidd_to_ton_iot_seed3_row_index_fixed,weighted,target,all,inject-xss,493,95.82059123343527,95.33468559837728
iot_nidd_to_ton_iot_seed3_row_index_fixed,weighted,target,all,malwr-ransomware,212,93.0957683741648,98.58490566037736
iot_nidd_to_ton_iot_seed3_row_index_fixed,weighted,target,all,malwr-backd-tcp,1134,98.61545332737829,97.35449735449735
iot_nidd_to_ton_iot_seed3_row_index_fixed,weighted,target,all,malwr-brutef-http,379,95.89403973509934,95.51451187335093
iot_nidd_to_ton_iot_seed3_row_index_fixed,weighted,target,all,dos-tcp,5,0.0,0.0
iot_nidd_to_ton_iot_seed3_row_index_fixed,weighted,target,all,inject-sql,714,94.5176960444136,95.37815126050421
iot_nidd_to_ton_iot_seed3_row_index_fixed,weighted,target,unseen_within_domain,dos-http,1140,98.33187006145742,98.24561403508771
iot_nidd_to_ton_iot_seed3_row_index_fixed,weighted,target,unseen_within_domain,infog-scan-port,106,94.73684210526315,93.39622641509435
iot_nidd_to_ton_iot_seed3_row_index_fixed,weighted,target,unseen_within_domain,mitm-arpspoof,31,35.55555555555556,25.806451612903224
iot_nidd_to_ton_iot_seed3_row_index_fixed,weighted,target,unseen_within_domain,benign,1689,98.4977908689249,98.9934872705743
iot_nidd_to_ton_iot_seed3_row_index_fixed,weighted,target,unseen_within_domain,dos-tcp-syn,307,99.6742671009772,99.6742671009772
iot_nidd_to_ton_iot_seed3_row_index_fixed,weighted,target,unseen_within_domain,malwr-brutef-ftp,18,90.0,100.0
iot_nidd_to_ton_iot_seed3_row_index_fixed,weighted,target,unseen_within_domain,inject-xss,492,95.91836734693877,95.52845528455285
iot_nidd_to_ton_iot_seed3_row_index_fixed,weighted,target,unseen_within_domain,malwr-ransomware,212,93.0957683741648,98.58490566037736
iot_nidd_to_ton_iot_seed3_row_index_fixed,weighted,target,unseen_within_domain,malwr-backd-tcp,1134,98.61545332737829,97.35449735449735
iot_nidd_to_ton_iot_seed3_row_index_fixed,weighted,target,unseen_within_domain,malwr-brutef-http,379,95.89403973509934,95.51451187335093
iot_nidd_to_ton_iot_seed3_row_index_fixed,weighted,target,unseen_within_domain,dos-tcp,3,0.0,0.0
iot_nidd_to_ton_iot_seed3_row_index_fixed,weighted,target,unseen_within_domain,inject-sql,714,94.5176960444136,95.37815126050421
iot_nidd_to_ton_iot_seed3_row_index_fixed,weighted,target,unseen_in_either_domain,dos-http,1140,98.33187006145742,98.24561403508771
iot_nidd_to_ton_iot_seed3_row_index_fixed,weighted,target,unseen_in_either_domain,infog-scan-port,106,94.73684210526315,93.39622641509435
iot_nidd_to_ton_iot_seed3_row_index_fixed,weighted,target,unseen_in_either_domain,mitm-arpspoof,31,35.55555555555556,25.806451612903224
iot_nidd_to_ton_iot_seed3_row_index_fixed,weighted,target,unseen_in_either_domain,benign,1687,98.49601887348865,98.9922940130409
iot_nidd_to_ton_iot_seed3_row_index_fixed,weighted,target,unseen_in_either_domain,dos-tcp-syn,307,99.6742671009772,99.6742671009772
iot_nidd_to_ton_iot_seed3_row_index_fixed,weighted,target,unseen_in_either_domain,malwr-brutef-ftp,18,90.0,100.0
iot_nidd_to_ton_iot_seed3_row_index_fixed,weighted,target,unseen_in_either_domain,inject-xss,492,95.91836734693877,95.52845528455285
iot_nidd_to_ton_iot_seed3_row_index_fixed,weighted,target,unseen_in_either_domain,malwr-ransomware,212,93.0957683741648,98.58490566037736
iot_nidd_to_ton_iot_seed3_row_index_fixed,weighted,target,unseen_in_either_domain,malwr-backd-tcp,1134,98.61545332737829,97.35449735449735
iot_nidd_to_ton_iot_seed3_row_index_fixed,weighted,target,unseen_in_either_domain,malwr-brutef-http,379,95.89403973509934,95.51451187335093
iot_nidd_to_ton_iot_seed3_row_index_fixed,weighted,target,unseen_in_either_domain,dos-tcp,3,0.0,0.0
iot_nidd_to_ton_iot_seed3_row_index_fixed,weighted,target,unseen_in_either_domain,inject-sql,714,94.5176960444136,95.37815126050421
iot_nidd_to_ton_iot_seed3_row_index_fixed,combined,source,all,dos-http,109,85.71428571428571,82.56880733944955
iot_nidd_to_ton_iot_seed3_row_index_fixed,combined,source,all,malwr-brutef-telnet,6,1.1337868480725624,83.33333333333334
iot_nidd_to_ton_iot_seed3_row_index_fixed,combined,source,all,infog-scan-port,476,92.8361138370952,99.36974789915966
iot_nidd_to_ton_iot_seed3_row_index_fixed,combined,source,all,mitm-arpspoof,11,16.842105263157894,72.72727272727273
iot_nidd_to_ton_iot_seed3_row_index_fixed,combined,source,all,infog-scan-host,46,98.9247311827957,100.0
iot_nidd_to_ton_iot_seed3_row_index_fixed,combined,source,all,dos-tcp-ack,927,54.80803099682987,83.92664509169363
iot_nidd_to_ton_iot_seed3_row_index_fixed,combined,source,all,dos-udp,15,96.7741935483871,100.0
iot_nidd_to_ton_iot_seed3_row_index_fixed,combined,source,all,benign,2613,74.99419549570466,61.80635285112896
iot_nidd_to_ton_iot_seed3_row_index_fixed,combined,source,all,dos-tcp-syn,1783,48.08563194730341,32.75378575434661
iot_nidd_to_ton_iot_seed3_row_index_fixed,combined,source,all,infog-scan-os,13,47.05882352941176,92.3076923076923
iot_nidd_to_ton_iot_seed3_row_index_fixed,combined,source,unseen_within_domain,dos-http,81,91.76470588235294,96.29629629629629
iot_nidd_to_ton_iot_seed3_row_index_fixed,combined,source,unseen_within_domain,malwr-brutef-telnet,6,66.66666666666666,83.33333333333334
iot_nidd_to_ton_iot_seed3_row_index_fixed,combined,source,unseen_within_domain,infog-scan-port,64,73.05389221556887,95.3125
iot_nidd_to_ton_iot_seed3_row_index_fixed,combined,source,unseen_within_domain,mitm-arpspoof,11,18.6046511627907,72.72727272727273
iot_nidd_to_ton_iot_seed3_row_index_fixed,combined,source,unseen_within_domain,infog-scan-host,28,98.24561403508771,100.0
iot_nidd_to_ton_iot_seed3_row_index_fixed,combined,source,unseen_within_domain,dos-tcp-ack,816,62.84403669724771,83.94607843137256
iot_nidd_to_ton_iot_seed3_row_index_fixed,combined,source,unseen_within_domain,dos-udp,15,96.7741935483871,100.0
iot_nidd_to_ton_iot_seed3_row_index_fixed,combined,source,unseen_within_domain,benign,368,70.60561299852289,64.94565217391305
iot_nidd_to_ton_iot_seed3_row_index_fixed,combined,source,unseen_within_domain,dos-tcp-syn,1084,49.53519256308101,34.40959409594096
iot_nidd_to_ton_iot_seed3_row_index_fixed,combined,source,unseen_within_domain,infog-scan-os,13,58.536585365853654,92.3076923076923
iot_nidd_to_ton_iot_seed3_row_index_fixed,combined,source,unseen_in_either_domain,dos-http,81,91.76470588235294,96.29629629629629
iot_nidd_to_ton_iot_seed3_row_index_fixed,combined,source,unseen_in_either_domain,malwr-brutef-telnet,6,66.66666666666666,83.33333333333334
iot_nidd_to_ton_iot_seed3_row_index_fixed,combined,source,unseen_in_either_domain,infog-scan-port,64,73.05389221556887,95.3125
iot_nidd_to_ton_iot_seed3_row_index_fixed,combined,source,unseen_in_either_domain,mitm-arpspoof,11,18.6046511627907,72.72727272727273
iot_nidd_to_ton_iot_seed3_row_index_fixed,combined,source,unseen_in_either_domain,infog-scan-host,28,98.24561403508771,100.0
iot_nidd_to_ton_iot_seed3_row_index_fixed,combined,source,unseen_in_either_domain,dos-tcp-ack,816,62.84403669724771,83.94607843137256
iot_nidd_to_ton_iot_seed3_row_index_fixed,combined,source,unseen_in_either_domain,dos-udp,15,96.7741935483871,100.0
iot_nidd_to_ton_iot_seed3_row_index_fixed,combined,source,unseen_in_either_domain,benign,360,69.89409984871406,64.16666666666667
iot_nidd_to_ton_iot_seed3_row_index_fixed,combined,source,unseen_in_either_domain,dos-tcp-syn,1084,49.53519256308101,34.40959409594096
iot_nidd_to_ton_iot_seed3_row_index_fixed,combined,source,unseen_in_either_domain,infog-scan-os,13,58.536585365853654,92.3076923076923
iot_nidd_to_ton_iot_seed3_row_index_fixed,combined,target,all,dos-http,1834,97.45996686913307,96.23773173391494
iot_nidd_to_ton_iot_seed3_row_index_fixed,combined,target,all,infog-scan-port,469,98.18181818181819,97.86780383795309
iot_nidd_to_ton_iot_seed3_row_index_fixed,combined,target,all,mitm-arpspoof,161,15.810276679841898,12.422360248447205
iot_nidd_to_ton_iot_seed3_row_index_fixed,combined,target,all,benign,2727,96.94793536804309,99.00990099009901
iot_nidd_to_ton_iot_seed3_row_index_fixed,combined,target,all,dos-tcp-syn,307,99.6742671009772,99.6742671009772
iot_nidd_to_ton_iot_seed3_row_index_fixed,combined,target,all,malwr-brutef-ftp,20,90.9090909090909,100.0
iot_nidd_to_ton_iot_seed3_row_index_fixed,combined,target,all,inject-xss,493,95.74898785425101,95.94320486815415
iot_nidd_to_ton_iot_seed3_row_index_fixed,combined,target,all,malwr-ransomware,212,93.0648769574944,98.11320754716981
iot_nidd_to_ton_iot_seed3_row_index_fixed,combined,target,all,malwr-backd-tcp,1134,98.61545332737829,97.35449735449735
iot_nidd_to_ton_iot_seed3_row_index_fixed,combined,target,all,malwr-brutef-http,379,96.7741935483871,98.94459102902374
iot_nidd_to_ton_iot_seed3_row_index_fixed,combined,target,all,dos-tcp,5,0.0,0.0
iot_nidd_to_ton_iot_seed3_row_index_fixed,combined,target,all,inject-sql,714,95.46742209631728,94.39775910364145
iot_nidd_to_ton_iot_seed3_row_index_fixed,combined,target,unseen_within_domain,dos-http,1140,98.33916083916084,98.68421052631578
iot_nidd_to_ton_iot_seed3_row_index_fixed,combined,target,unseen_within_domain,infog-scan-port,106,91.86602870813397,90.56603773584906
iot_nidd_to_ton_iot_seed3_row_index_fixed,combined,target,unseen_within_domain,mitm-arpspoof,31,58.82352941176471,64.51612903225806
iot_nidd_to_ton_iot_seed3_row_index_fixed,combined,target,unseen_within_domain,benign,1689,98.90044576523032,98.5198342214328
iot_nidd_to_ton_iot_seed3_row_index_fixed,combined,target,unseen_within_domain,dos-tcp-syn,307,99.6742671009772,99.6742671009772
iot_nidd_to_ton_iot_seed3_row_index_fixed,combined,target,unseen_within_domain,malwr-brutef-ftp,18,90.0,100.0
iot_nidd_to_ton_iot_seed3_row_index_fixed,combined,target,unseen_within_domain,inject-xss,492,95.84599797365755,96.13821138211382
iot_nidd_to_ton_iot_seed3_row_index_fixed,combined,target,unseen_within_domain,malwr-ransomware,212,93.0648769574944,98.11320754716981
iot_nidd_to_ton_iot_seed3_row_index_fixed,combined,target,unseen_within_domain,malwr-backd-tcp,1134,98.61545332737829,97.35449735449735
iot_nidd_to_ton_iot_seed3_row_index_fixed,combined,target,unseen_within_domain,malwr-brutef-http,379,96.7741935483871,98.94459102902374
iot_nidd_to_ton_iot_seed3_row_index_fixed,combined,target,unseen_within_domain,dos-tcp,3,0.0,0.0
iot_nidd_to_ton_iot_seed3_row_index_fixed,combined,target,unseen_within_domain,inject-sql,714,95.46742209631728,94.39775910364145
iot_nidd_to_ton_iot_seed3_row_index_fixed,combined,target,unseen_in_either_domain,dos-http,1140,98.33916083916084,98.68421052631578
iot_nidd_to_ton_iot_seed3_row_index_fixed,combined,target,unseen_in_either_domain,infog-scan-port,106,91.86602870813397,90.56603773584906
iot_nidd_to_ton_iot_seed3_row_index_fixed,combined,target,unseen_in_either_domain,mitm-arpspoof,31,58.82352941176471,64.51612903225806
iot_nidd_to_ton_iot_seed3_row_index_fixed,combined,target,unseen_in_either_domain,benign,1687,98.89913716155905,98.5180794309425
iot_nidd_to_ton_iot_seed3_row_index_fixed,combined,target,unseen_in_either_domain,dos-tcp-syn,307,99.6742671009772,99.6742671009772
iot_nidd_to_ton_iot_seed3_row_index_fixed,combined,target,unseen_in_either_domain,malwr-brutef-ftp,18,90.0,100.0
iot_nidd_to_ton_iot_seed3_row_index_fixed,combined,target,unseen_in_either_domain,inject-xss,492,95.84599797365755,96.13821138211382
iot_nidd_to_ton_iot_seed3_row_index_fixed,combined,target,unseen_in_either_domain,malwr-ransomware,212,93.0648769574944,98.11320754716981
iot_nidd_to_ton_iot_seed3_row_index_fixed,combined,target,unseen_in_either_domain,malwr-backd-tcp,1134,98.61545332737829,97.35449735449735
iot_nidd_to_ton_iot_seed3_row_index_fixed,combined,target,unseen_in_either_domain,malwr-brutef-http,379,96.7741935483871,98.94459102902374
iot_nidd_to_ton_iot_seed3_row_index_fixed,combined,target,unseen_in_either_domain,dos-tcp,3,0.0,0.0
iot_nidd_to_ton_iot_seed3_row_index_fixed,combined,target,unseen_in_either_domain,inject-sql,714,95.46742209631728,94.39775910364145
ton_iot_to_iot_nidd_seed1_row_index_fixed,ft_mem,source,all,infog-scan-port,469,83.9506172839506,72.49466950959487
ton_iot_to_iot_nidd_seed1_row_index_fixed,ft_mem,source,all,malwr-ransomware,212,85.58558558558559,89.62264150943396
ton_iot_to_iot_nidd_seed1_row_index_fixed,ft_mem,source,all,dos-http,1834,90.69833191970596,87.45910577971647
ton_iot_to_iot_nidd_seed1_row_index_fixed,ft_mem,source,all,malwr-brutef-ftp,20,86.95652173913044,100.0
ton_iot_to_iot_nidd_seed1_row_index_fixed,ft_mem,source,all,dos-tcp-syn,307,50.69444444444444,47.55700325732899
ton_iot_to_iot_nidd_seed1_row_index_fixed,ft_mem,source,all,benign,2727,92.43813808617408,97.94646131279795
ton_iot_to_iot_nidd_seed1_row_index_fixed,ft_mem,source,all,dos-tcp,5,0.0,0.0
ton_iot_to_iot_nidd_seed1_row_index_fixed,ft_mem,source,all,malwr-backd-tcp,1134,89.59716688800354,89.2416225749559
ton_iot_to_iot_nidd_seed1_row_index_fixed,ft_mem,source,all,inject-sql,714,72.95401402961808,65.54621848739495
ton_iot_to_iot_nidd_seed1_row_index_fixed,ft_mem,source,all,malwr-brutef-http,379,74.60992907801418,69.39313984168865
ton_iot_to_iot_nidd_seed1_row_index_fixed,ft_mem,source,all,mitm-arpspoof,161,0.0,0.0
ton_iot_to_iot_nidd_seed1_row_index_fixed,ft_mem,source,all,inject-xss,493,82.35294117647058,85.19269776876268
ton_iot_to_iot_nidd_seed1_row_index_fixed,ft_mem,source,unseen_within_domain,infog-scan-port,106,93.53233830845771,88.67924528301887
ton_iot_to_iot_nidd_seed1_row_index_fixed,ft_mem,source,unseen_within_domain,malwr-ransomware,212,85.58558558558559,89.62264150943396
ton_iot_to_iot_nidd_seed1_row_index_fixed,ft_mem,source,unseen_within_domain,dos-http,1140,87.82924613987284,84.82456140350877
ton_iot_to_iot_nidd_seed1_row_index_fixed,ft_mem,source,unseen_within_domain,malwr-brutef-ftp,18,85.71428571428571,100.0
ton_iot_to_iot_nidd_seed1_row_index_fixed,ft_mem,source,unseen_within_domain,dos-tcp-syn,307,63.61655773420479,47.55700325732899
ton_iot_to_iot_nidd_seed1_row_index_fixed,ft_mem,source,unseen_within_domain,benign,1689,93.03383565538812,96.86204854943755
ton_iot_to_iot_nidd_seed1_row_index_fixed,ft_mem,source,unseen_within_domain,dos-tcp,3,0.0,0.0
ton_iot_to_iot_nidd_seed1_row_index_fixed,ft_mem,source,unseen_within_domain,malwr-backd-tcp,1134,89.59716688800354,89.2416225749559
ton_iot_to_iot_nidd_seed1_row_index_fixed,ft_mem,source,unseen_within_domain,inject-sql,714,72.95401402961808,65.54621848739495
ton_iot_to_iot_nidd_seed1_row_index_fixed,ft_mem,source,unseen_within_domain,malwr-brutef-http,379,74.60992907801418,69.39313984168865
ton_iot_to_iot_nidd_seed1_row_index_fixed,ft_mem,source,unseen_within_domain,mitm-arpspoof,31,0.0,0.0
ton_iot_to_iot_nidd_seed1_row_index_fixed,ft_mem,source,unseen_within_domain,inject-xss,492,82.43375858684985,85.36585365853658
ton_iot_to_iot_nidd_seed1_row_index_fixed,ft_mem,source,unseen_in_either_domain,infog-scan-port,106,93.53233830845771,88.67924528301887
ton_iot_to_iot_nidd_seed1_row_index_fixed,ft_mem,source,unseen_in_either_domain,malwr-ransomware,212,85.58558558558559,89.62264150943396
ton_iot_to_iot_nidd_seed1_row_index_fixed,ft_mem,source,unseen_in_either_domain,dos-http,1140,87.82924613987284,84.82456140350877
ton_iot_to_iot_nidd_seed1_row_index_fixed,ft_mem,source,unseen_in_either_domain,malwr-brutef-ftp,18,85.71428571428571,100.0
ton_iot_to_iot_nidd_seed1_row_index_fixed,ft_mem,source,unseen_in_either_domain,dos-tcp-syn,307,63.61655773420479,47.55700325732899
ton_iot_to_iot_nidd_seed1_row_index_fixed,ft_mem,source,unseen_in_either_domain,benign,1687,93.02590378593794,96.8583283935981
ton_iot_to_iot_nidd_seed1_row_index_fixed,ft_mem,source,unseen_in_either_domain,dos-tcp,3,0.0,0.0
ton_iot_to_iot_nidd_seed1_row_index_fixed,ft_mem,source,unseen_in_either_domain,malwr-backd-tcp,1134,89.59716688800354,89.2416225749559
ton_iot_to_iot_nidd_seed1_row_index_fixed,ft_mem,source,unseen_in_either_domain,inject-sql,714,72.95401402961808,65.54621848739495
ton_iot_to_iot_nidd_seed1_row_index_fixed,ft_mem,source,unseen_in_either_domain,malwr-brutef-http,379,74.60992907801418,69.39313984168865
ton_iot_to_iot_nidd_seed1_row_index_fixed,ft_mem,source,unseen_in_either_domain,mitm-arpspoof,31,0.0,0.0
ton_iot_to_iot_nidd_seed1_row_index_fixed,ft_mem,source,unseen_in_either_domain,inject-xss,492,82.43375858684985,85.36585365853658
ton_iot_to_iot_nidd_seed1_row_index_fixed,ft_mem,target,all,infog-scan-port,476,97.93388429752066,99.57983193277312
ton_iot_to_iot_nidd_seed1_row_index_fixed,ft_mem,target,all,dos-http,109,83.6734693877551,75.22935779816514
ton_iot_to_iot_nidd_seed1_row_index_fixed,ft_mem,target,all,dos-tcp-syn,1783,95.90452942771901,99.15872125630959
ton_iot_to_iot_nidd_seed1_row_index_fixed,ft_mem,target,all,benign,2613,98.32699619771863,98.96670493685419
ton_iot_to_iot_nidd_seed1_row_index_fixed,ft_mem,target,all,mitm-arpspoof,11,0.0,0.0
ton_iot_to_iot_nidd_seed1_row_index_fixed,ft_mem,target,all,infog-scan-os,13,81.81818181818183,69.23076923076923
ton_iot_to_iot_nidd_seed1_row_index_fixed,ft_mem,target,all,malwr-brutef-telnet,6,66.66666666666666,83.33333333333334
ton_iot_to_iot_nidd_seed1_row_index_fixed,ft_mem,target,all,dos-udp,15,92.85714285714286,86.66666666666667
ton_iot_to_iot_nidd_seed1_row_index_fixed,ft_mem,target,all,dos-tcp-ack,927,90.8347927612376,83.92664509169363
ton_iot_to_iot_nidd_seed1_row_index_fixed,ft_mem,target,all,infog-scan-host,46,98.9247311827957,100.0
ton_iot_to_iot_nidd_seed1_row_index_fixed,ft_mem,target,unseen_within_domain,infog-scan-port,64,89.85507246376811,96.875
ton_iot_to_iot_nidd_seed1_row_index_fixed,ft_mem,target,unseen_within_domain,dos-http,81,95.1219512195122,96.29629629629629
ton_iot_to_iot_nidd_seed1_row_index_fixed,ft_mem,target,unseen_within_domain,dos-tcp-syn,1084,95.45859305431878,98.8929889298893
ton_iot_to_iot_nidd_seed1_row_index_fixed,ft_mem,target,unseen_within_domain,benign,368,92.41011984021304,94.29347826086956
ton_iot_to_iot_nidd_seed1_row_index_fixed,ft_mem,target,unseen_within_domain,mitm-arpspoof,11,0.0,0.0
ton_iot_to_iot_nidd_seed1_row_index_fixed,ft_mem,target,unseen_within_domain,infog-scan-os,13,81.81818181818183,69.23076923076923
ton_iot_to_iot_nidd_seed1_row_index_fixed,ft_mem,target,unseen_within_domain,malwr-brutef-telnet,6,71.42857142857143,83.33333333333334
ton_iot_to_iot_nidd_seed1_row_index_fixed,ft_mem,target,unseen_within_domain,dos-udp,15,92.85714285714286,86.66666666666667
ton_iot_to_iot_nidd_seed1_row_index_fixed,ft_mem,target,unseen_within_domain,dos-tcp-ack,816,92.70833333333334,87.25490196078431
ton_iot_to_iot_nidd_seed1_row_index_fixed,ft_mem,target,unseen_within_domain,infog-scan-host,28,98.24561403508771,100.0
ton_iot_to_iot_nidd_seed1_row_index_fixed,ft_mem,target,unseen_in_either_domain,infog-scan-port,64,89.85507246376811,96.875
ton_iot_to_iot_nidd_seed1_row_index_fixed,ft_mem,target,unseen_in_either_domain,dos-http,81,95.1219512195122,96.29629629629629
ton_iot_to_iot_nidd_seed1_row_index_fixed,ft_mem,target,unseen_in_either_domain,dos-tcp-syn,1084,95.45859305431878,98.8929889298893
ton_iot_to_iot_nidd_seed1_row_index_fixed,ft_mem,target,unseen_in_either_domain,benign,360,92.24489795918367,94.16666666666667
ton_iot_to_iot_nidd_seed1_row_index_fixed,ft_mem,target,unseen_in_either_domain,mitm-arpspoof,11,0.0,0.0
ton_iot_to_iot_nidd_seed1_row_index_fixed,ft_mem,target,unseen_in_either_domain,infog-scan-os,13,81.81818181818183,69.23076923076923
ton_iot_to_iot_nidd_seed1_row_index_fixed,ft_mem,target,unseen_in_either_domain,malwr-brutef-telnet,6,71.42857142857143,83.33333333333334
ton_iot_to_iot_nidd_seed1_row_index_fixed,ft_mem,target,unseen_in_either_domain,dos-udp,15,92.85714285714286,86.66666666666667
ton_iot_to_iot_nidd_seed1_row_index_fixed,ft_mem,target,unseen_in_either_domain,dos-tcp-ack,816,92.70833333333334,87.25490196078431
ton_iot_to_iot_nidd_seed1_row_index_fixed,ft_mem,target,unseen_in_either_domain,infog-scan-host,28,98.24561403508771,100.0
ton_iot_to_iot_nidd_seed1_row_index_fixed,replay,source,all,infog-scan-port,469,97.84482758620689,96.80170575692964
ton_iot_to_iot_nidd_seed1_row_index_fixed,replay,source,all,malwr-ransomware,212,90.32258064516128,92.45283018867924
ton_iot_to_iot_nidd_seed1_row_index_fixed,replay,source,all,dos-http,1834,92.41379310344827,87.67720828789531
ton_iot_to_iot_nidd_seed1_row_index_fixed,replay,source,all,malwr-brutef-ftp,20,66.66666666666666,100.0
ton_iot_to_iot_nidd_seed1_row_index_fixed,replay,source,all,dos-tcp-syn,307,99.836867862969,99.6742671009772
ton_iot_to_iot_nidd_seed1_row_index_fixed,replay,source,all,benign,2727,89.14670658682635,87.34873487348734
ton_iot_to_iot_nidd_seed1_row_index_fixed,replay,source,all,dos-tcp,5,50.0,40.0
ton_iot_to_iot_nidd_seed1_row_index_fixed,replay,source,all,malwr-backd-tcp,1134,91.61962657403386,93.03350970017637
ton_iot_to_iot_nidd_seed1_row_index_fixed,replay,source,all,inject-sql,714,82.00589970501476,77.87114845938376
ton_iot_to_iot_nidd_seed1_row_index_fixed,replay,source,all,malwr-brutef-http,379,81.28342245989305,80.21108179419525
ton_iot_to_iot_nidd_seed1_row_index_fixed,replay,source,all,mitm-arpspoof,161,46.95945945945946,86.33540372670807
ton_iot_to_iot_nidd_seed1_row_index_fixed,replay,source,all,inject-xss,493,86.49193548387096,87.0182555780933
ton_iot_to_iot_nidd_seed1_row_index_fixed,replay,source,unseen_within_domain,infog-scan-port,106,90.0990099009901,85.84905660377359
ton_iot_to_iot_nidd_seed1_row_index_fixed,replay,source,unseen_within_domain,malwr-ransomware,212,90.32258064516128,92.45283018867924
ton_iot_to_iot_nidd_seed1_row_index_fixed,replay,source,unseen_within_domain,dos-http,1140,90.36761284318288,85.17543859649123
ton_iot_to_iot_nidd_seed1_row_index_fixed,replay,source,unseen_within_domain,malwr-brutef-ftp,18,64.28571428571429,100.0
ton_iot_to_iot_nidd_seed1_row_index_fixed,replay,source,unseen_within_domain,dos-tcp-syn,307,99.836867862969,99.6742671009772
ton_iot_to_iot_nidd_seed1_row_index_fixed,replay,source,unseen_within_domain,benign,1689,92.62553802008608,95.5595026642984
ton_iot_to_iot_nidd_seed1_row_index_fixed,replay,source,unseen_within_domain,dos-tcp,3,0.0,0.0
ton_iot_to_iot_nidd_seed1_row_index_fixed,replay,source,unseen_within_domain,malwr-backd-tcp,1134,91.61962657403386,93.03350970017637
ton_iot_to_iot_nidd_seed1_row_index_fixed,replay,source,unseen_within_domain,inject-sql,714,82.00589970501476,77.87114845938376
ton_iot_to_iot_nidd_seed1_row_index_fixed,replay,source,unseen_within_domain,malwr-brutef-http,379,82.05128205128204,80.21108179419525
ton_iot_to_iot_nidd_seed1_row_index_fixed,replay,source,unseen_within_domain,mitm-arpspoof,31,27.692307692307693,29.03225806451613
ton_iot_to_iot_nidd_seed1_row_index_fixed,replay,source,unseen_within_domain,inject-xss,492,86.57921291624622,87.1951219512195
ton_iot_to_iot_nidd_seed1_row_index_fixed,replay,source,unseen_in_either_domain,infog-scan-port,106,90.0990099009901,85.84905660377359
ton_iot_to_iot_nidd_seed1_row_index_fixed,replay,source,unseen_in_either_domain,malwr-ransomware,212,90.32258064516128,92.45283018867924
ton_iot_to_iot_nidd_seed1_row_index_fixed,replay,source,unseen_in_either_domain,dos-http,1140,90.36761284318288,85.17543859649123
ton_iot_to_iot_nidd_seed1_row_index_fixed,replay,source,unseen_in_either_domain,malwr-brutef-ftp,18,64.28571428571429,100.0
ton_iot_to_iot_nidd_seed1_row_index_fixed,replay,source,unseen_in_either_domain,dos-tcp-syn,307,99.836867862969,99.6742671009772
ton_iot_to_iot_nidd_seed1_row_index_fixed,replay,source,unseen_in_either_domain,benign,1687,92.61706406205114,95.5542382928275
ton_iot_to_iot_nidd_seed1_row_index_fixed,replay,source,unseen_in_either_domain,dos-tcp,3,0.0,0.0
ton_iot_to_iot_nidd_seed1_row_index_fixed,replay,source,unseen_in_either_domain,malwr-backd-tcp,1134,91.61962657403386,93.03350970017637
ton_iot_to_iot_nidd_seed1_row_index_fixed,replay,source,unseen_in_either_domain,inject-sql,714,82.00589970501476,77.87114845938376
ton_iot_to_iot_nidd_seed1_row_index_fixed,replay,source,unseen_in_either_domain,malwr-brutef-http,379,82.05128205128204,80.21108179419525
ton_iot_to_iot_nidd_seed1_row_index_fixed,replay,source,unseen_in_either_domain,mitm-arpspoof,31,27.692307692307693,29.03225806451613
ton_iot_to_iot_nidd_seed1_row_index_fixed,replay,source,unseen_in_either_domain,inject-xss,492,86.57921291624622,87.1951219512195
ton_iot_to_iot_nidd_seed1_row_index_fixed,replay,target,all,infog-scan-port,476,99.47534102833158,99.57983193277312
ton_iot_to_iot_nidd_seed1_row_index_fixed,replay,target,all,dos-http,109,90.0,82.56880733944955
ton_iot_to_iot_nidd_seed1_row_index_fixed,replay,target,all,dos-tcp-syn,1783,96.24425830856525,99.88782950084128
ton_iot_to_iot_nidd_seed1_row_index_fixed,replay,target,all,benign,2613,98.98797021195341,99.19632606199771
ton_iot_to_iot_nidd_seed1_row_index_fixed,replay,target,all,mitm-arpspoof,11,20.0,18.181818181818183
ton_iot_to_iot_nidd_seed1_row_index_fixed,replay,target,all,infog-scan-os,13,91.66666666666666,84.61538461538461
ton_iot_to_iot_nidd_seed1_row_index_fixed,replay,target,all,malwr-brutef-telnet,6,71.42857142857143,83.33333333333334
ton_iot_to_iot_nidd_seed1_row_index_fixed,replay,target,all,dos-udp,15,100.0,100.0
ton_iot_to_iot_nidd_seed1_row_index_fixed,replay,target,all,dos-tcp-ack,927,91.82608695652173,85.43689320388349
ton_iot_to_iot_nidd_seed1_row_index_fixed,replay,target,all,infog-scan-host,46,97.87234042553192,100.0
ton_iot_to_iot_nidd_seed1_row_index_fixed,replay,target,unseen_within_domain,infog-scan-port,64,96.875,96.875
ton_iot_to_iot_nidd_seed1_row_index_fixed,replay,target,unseen_within_domain,dos-http,81,97.5,96.29629629629629
ton_iot_to_iot_nidd_seed1_row_index_fixed,replay,target,unseen_within_domain,dos-tcp-syn,1084,95.92198581560284,99.81549815498155
ton_iot_to_iot_nidd_seed1_row_index_fixed,replay,target,unseen_within_domain,benign,368,95.6639566395664,95.92391304347827
ton_iot_to_iot_nidd_seed1_row_index_fixed,replay,target,unseen_within_domain,mitm-arpspoof,11,21.052631578947366,18.181818181818183
ton_iot_to_iot_nidd_seed1_row_index_fixed,replay,target,unseen_within_domain,infog-scan-os,13,91.66666666666666,84.61538461538461
ton_iot_to_iot_nidd_seed1_row_index_fixed,replay,target,unseen_within_domain,malwr-brutef-telnet,6,76.92307692307693,83.33333333333334
ton_iot_to_iot_nidd_seed1_row_index_fixed,replay,target,unseen_within_domain,dos-udp,15,100.0,100.0
ton_iot_to_iot_nidd_seed1_row_index_fixed,replay,target,unseen_within_domain,dos-tcp-ack,816,93.66106080206987,88.72549019607843
ton_iot_to_iot_nidd_seed1_row_index_fixed,replay,target,unseen_within_domain,infog-scan-host,28,96.55172413793103,100.0
ton_iot_to_iot_nidd_seed1_row_index_fixed,replay,target,unseen_in_either_domain,infog-scan-port,64,96.875,96.875
ton_iot_to_iot_nidd_seed1_row_index_fixed,replay,target,unseen_in_either_domain,dos-http,81,97.5,96.29629629629629
ton_iot_to_iot_nidd_seed1_row_index_fixed,replay,target,unseen_in_either_domain,dos-tcp-syn,1084,95.92198581560284,99.81549815498155
ton_iot_to_iot_nidd_seed1_row_index_fixed,replay,target,unseen_in_either_domain,benign,360,95.56786703601108,95.83333333333334
ton_iot_to_iot_nidd_seed1_row_index_fixed,replay,target,unseen_in_either_domain,mitm-arpspoof,11,21.052631578947366,18.181818181818183
ton_iot_to_iot_nidd_seed1_row_index_fixed,replay,target,unseen_in_either_domain,infog-scan-os,13,91.66666666666666,84.61538461538461
ton_iot_to_iot_nidd_seed1_row_index_fixed,replay,target,unseen_in_either_domain,malwr-brutef-telnet,6,76.92307692307693,83.33333333333334
ton_iot_to_iot_nidd_seed1_row_index_fixed,replay,target,unseen_in_either_domain,dos-udp,15,100.0,100.0
ton_iot_to_iot_nidd_seed1_row_index_fixed,replay,target,unseen_in_either_domain,dos-tcp-ack,816,93.66106080206987,88.72549019607843
ton_iot_to_iot_nidd_seed1_row_index_fixed,replay,target,unseen_in_either_domain,infog-scan-host,28,96.55172413793103,100.0
ton_iot_to_iot_nidd_seed1_row_index_fixed,weighted,source,all,infog-scan-port,469,98.38187702265373,97.22814498933901
ton_iot_to_iot_nidd_seed1_row_index_fixed,weighted,source,all,malwr-ransomware,212,87.72727272727273,91.0377358490566
ton_iot_to_iot_nidd_seed1_row_index_fixed,weighted,source,all,dos-http,1834,91.2004662004662,85.33260632497274
ton_iot_to_iot_nidd_seed1_row_index_fixed,weighted,source,all,malwr-brutef-ftp,20,37.38317757009346,100.0
ton_iot_to_iot_nidd_seed1_row_index_fixed,weighted,source,all,dos-tcp-syn,307,90.0355871886121,82.41042345276874
ton_iot_to_iot_nidd_seed1_row_index_fixed,weighted,source,all,benign,2727,90.04739336492891,87.09204253758709
ton_iot_to_iot_nidd_seed1_row_index_fixed,weighted,source,all,dos-tcp,5,0.0,0.0
ton_iot_to_iot_nidd_seed1_row_index_fixed,weighted,source,all,malwr-backd-tcp,1134,89.28098808998676,89.2416225749559
ton_iot_to_iot_nidd_seed1_row_index_fixed,weighted,source,all,inject-sql,714,74.09836065573771,63.305322128851536
ton_iot_to_iot_nidd_seed1_row_index_fixed,weighted,source,all,malwr-brutef-http,379,73.53324641460235,74.40633245382587
ton_iot_to_iot_nidd_seed1_row_index_fixed,weighted,source,all,mitm-arpspoof,161,39.71223021582734,85.71428571428571
ton_iot_to_iot_nidd_seed1_row_index_fixed,weighted,source,all,inject-xss,493,81.09640831758034,87.0182555780933
ton_iot_to_iot_nidd_seed1_row_index_fixed,weighted,source,unseen_within_domain,infog-scan-port,106,92.53731343283582,87.73584905660378
ton_iot_to_iot_nidd_seed1_row_index_fixed,weighted,source,unseen_within_domain,malwr-ransomware,212,87.72727272727273,91.0377358490566
ton_iot_to_iot_nidd_seed1_row_index_fixed,weighted,source,unseen_within_domain,dos-http,1140,88.3476599808978,81.14035087719299
ton_iot_to_iot_nidd_seed1_row_index_fixed,weighted,source,unseen_within_domain,malwr-brutef-ftp,18,34.95145631067961,100.0
ton_iot_to_iot_nidd_seed1_row_index_fixed,weighted,source,unseen_within_domain,dos-tcp-syn,307,90.0355871886121,82.41042345276874
ton_iot_to_iot_nidd_seed1_row_index_fixed,weighted,source,unseen_within_domain,benign,1689,93.22228604250431,96.0923623445826
ton_iot_to_iot_nidd_seed1_row_index_fixed,weighted,source,unseen_within_domain,dos-tcp,3,0.0,0.0
ton_iot_to_iot_nidd_seed1_row_index_fixed,weighted,source,unseen_within_domain,malwr-backd-tcp,1134,89.28098808998676,89.2416225749559
ton_iot_to_iot_nidd_seed1_row_index_fixed,weighted,source,unseen_within_domain,inject-sql,714,74.09836065573771,63.305322128851536
ton_iot_to_iot_nidd_seed1_row_index_fixed,weighted,source,unseen_within_domain,malwr-brutef-http,379,73.53324641460235,74.40633245382587
ton_iot_to_iot_nidd_seed1_row_index_fixed,weighted,source,unseen_within_domain,mitm-arpspoof,31,13.91304347826087,25.806451612903224
ton_iot_to_iot_nidd_seed1_row_index_fixed,weighted,source,unseen_within_domain,inject-xss,492,81.17313150425733,87.1951219512195
ton_iot_to_iot_nidd_seed1_row_index_fixed,weighted,source,unseen_in_either_domain,infog-scan-port,106,92.53731343283582,87.73584905660378
ton_iot_to_iot_nidd_seed1_row_index_fixed,weighted,source,unseen_in_either_domain,malwr-ransomware,212,87.72727272727273,91.0377358490566
ton_iot_to_iot_nidd_seed1_row_index_fixed,weighted,source,unseen_in_either_domain,dos-http,1140,88.3476599808978,81.14035087719299
ton_iot_to_iot_nidd_seed1_row_index_fixed,weighted,source,unseen_in_either_domain,malwr-brutef-ftp,18,34.95145631067961,100.0
ton_iot_to_iot_nidd_seed1_row_index_fixed,weighted,source,unseen_in_either_domain,dos-tcp-syn,307,90.0355871886121,82.41042345276874
ton_iot_to_iot_nidd_seed1_row_index_fixed,weighted,source,unseen_in_either_domain,benign,1687,93.21449108683152,96.0877296976882
ton_iot_to_iot_nidd_seed1_row_index_fixed,weighted,source,unseen_in_either_domain,dos-tcp,3,0.0,0.0
ton_iot_to_iot_nidd_seed1_row_index_fixed,weighted,source,unseen_in_either_domain,malwr-backd-tcp,1134,89.28098808998676,89.2416225749559
ton_iot_to_iot_nidd_seed1_row_index_fixed,weighted,source,unseen_in_either_domain,inject-sql,714,74.09836065573771,63.305322128851536
ton_iot_to_iot_nidd_seed1_row_index_fixed,weighted,source,unseen_in_either_domain,malwr-brutef-http,379,73.53324641460235,74.40633245382587
ton_iot_to_iot_nidd_seed1_row_index_fixed,weighted,source,unseen_in_either_domain,mitm-arpspoof,31,13.91304347826087,25.806451612903224
ton_iot_to_iot_nidd_seed1_row_index_fixed,weighted,source,unseen_in_either_domain,inject-xss,492,81.17313150425733,87.1951219512195
ton_iot_to_iot_nidd_seed1_row_index_fixed,weighted,target,all,infog-scan-port,476,96.34146341463415,99.57983193277312
ton_iot_to_iot_nidd_seed1_row_index_fixed,weighted,target,all,dos-http,109,83.24873096446701,75.22935779816514
ton_iot_to_iot_nidd_seed1_row_index_fixed,weighted,target,all,dos-tcp-syn,1783,95.45330792267902,98.31744251261918
ton_iot_to_iot_nidd_seed1_row_index_fixed,weighted,target,all,benign,2613,98.02568525972781,97.85686949866054
ton_iot_to_iot_nidd_seed1_row_index_fixed,weighted,target,all,mitm-arpspoof,11,25.53191489361702,54.54545454545454
ton_iot_to_iot_nidd_seed1_row_index_fixed,weighted,target,all,infog-scan-os,13,85.71428571428571,92.3076923076923
ton_iot_to_iot_nidd_seed1_row_index_fixed,weighted,target,all,malwr-brutef-telnet,6,66.66666666666666,100.0
ton_iot_to_iot_nidd_seed1_row_index_fixed,weighted,target,all,dos-udp,15,96.7741935483871,100.0
ton_iot_to_iot_nidd_seed1_row_index_fixed,weighted,target,all,dos-tcp-ack,927,90.68541300527241,83.49514563106796
ton_iot_to_iot_nidd_seed1_row_index_fixed,weighted,target,all,infog-scan-host,46,98.9247311827957,100.0
ton_iot_to_iot_nidd_seed1_row_index_fixed,weighted,target,unseen_within_domain,infog-scan-port,64,84.93150684931507,96.875
ton_iot_to_iot_nidd_seed1_row_index_fixed,weighted,target,unseen_within_domain,dos-http,81,94.54545454545455,96.29629629629629
ton_iot_to_iot_nidd_seed1_row_index_fixed,weighted,target,unseen_within_domain,dos-tcp-syn,1084,95.13609995537706,98.33948339483395
ton_iot_to_iot_nidd_seed1_row_index_fixed,weighted,target,unseen_within_domain,benign,368,90.95966620305981,88.8586956521739
ton_iot_to_iot_nidd_seed1_row_index_fixed,weighted,target,unseen_within_domain,mitm-arpspoof,11,31.57894736842105,54.54545454545454
ton_iot_to_iot_nidd_seed1_row_index_fixed,weighted,target,unseen_within_domain,infog-scan-os,13,88.88888888888889,92.3076923076923
ton_iot_to_iot_nidd_seed1_row_index_fixed,weighted,target,unseen_within_domain,malwr-brutef-telnet,6,70.58823529411765,100.0
ton_iot_to_iot_nidd_seed1_row_index_fixed,weighted,target,unseen_within_domain,dos-udp,15,96.7741935483871,100.0
ton_iot_to_iot_nidd_seed1_row_index_fixed,weighted,target,unseen_within_domain,dos-tcp-ack,816,92.40837696335078,86.51960784313727
ton_iot_to_iot_nidd_seed1_row_index_fixed,weighted,target,unseen_within_domain,infog-scan-host,28,98.24561403508771,100.0
ton_iot_to_iot_nidd_seed1_row_index_fixed,weighted,target,unseen_in_either_domain,infog-scan-port,64,84.93150684931507,96.875
ton_iot_to_iot_nidd_seed1_row_index_fixed,weighted,target,unseen_in_either_domain,dos-http,81,94.54545454545455,96.29629629629629
ton_iot_to_iot_nidd_seed1_row_index_fixed,weighted,target,unseen_in_either_domain,dos-tcp-syn,1084,95.13609995537706,98.33948339483395
ton_iot_to_iot_nidd_seed1_row_index_fixed,weighted,target,unseen_in_either_domain,benign,360,90.75391180654339,88.61111111111111
ton_iot_to_iot_nidd_seed1_row_index_fixed,weighted,target,unseen_in_either_domain,mitm-arpspoof,11,31.57894736842105,54.54545454545454
ton_iot_to_iot_nidd_seed1_row_index_fixed,weighted,target,unseen_in_either_domain,infog-scan-os,13,88.88888888888889,92.3076923076923
ton_iot_to_iot_nidd_seed1_row_index_fixed,weighted,target,unseen_in_either_domain,malwr-brutef-telnet,6,70.58823529411765,100.0
ton_iot_to_iot_nidd_seed1_row_index_fixed,weighted,target,unseen_in_either_domain,dos-udp,15,96.7741935483871,100.0
ton_iot_to_iot_nidd_seed1_row_index_fixed,weighted,target,unseen_in_either_domain,dos-tcp-ack,816,92.40837696335078,86.51960784313727
ton_iot_to_iot_nidd_seed1_row_index_fixed,weighted,target,unseen_in_either_domain,infog-scan-host,28,98.24561403508771,100.0
ton_iot_to_iot_nidd_seed1_row_index_fixed,combined,source,all,infog-scan-port,469,97.84946236559139,97.01492537313433
ton_iot_to_iot_nidd_seed1_row_index_fixed,combined,source,all,malwr-ransomware,212,83.77192982456141,90.09433962264151
ton_iot_to_iot_nidd_seed1_row_index_fixed,combined,source,all,dos-http,1834,95.83795782463929,94.16575790621592
ton_iot_to_iot_nidd_seed1_row_index_fixed,combined,source,all,malwr-brutef-ftp,20,71.42857142857143,100.0
ton_iot_to_iot_nidd_seed1_row_index_fixed,combined,source,all,dos-tcp-syn,307,99.51219512195122,99.6742671009772
ton_iot_to_iot_nidd_seed1_row_index_fixed,combined,source,all,benign,2727,89.25777523373401,85.77191052438577
ton_iot_to_iot_nidd_seed1_row_index_fixed,combined,source,all,dos-tcp,5,50.0,40.0
ton_iot_to_iot_nidd_seed1_row_index_fixed,combined,source,all,malwr-backd-tcp,1134,93.61702127659575,89.2416225749559
ton_iot_to_iot_nidd_seed1_row_index_fixed,combined,source,all,inject-sql,714,81.87050359712231,79.69187675070029
ton_iot_to_iot_nidd_seed1_row_index_fixed,combined,source,all,malwr-brutef-http,379,77.37617135207496,76.2532981530343
ton_iot_to_iot_nidd_seed1_row_index_fixed,combined,source,all,mitm-arpspoof,161,43.11926605504588,87.5776397515528
ton_iot_to_iot_nidd_seed1_row_index_fixed,combined,source,all,inject-xss,493,86.0655737704918,85.19269776876268
ton_iot_to_iot_nidd_seed1_row_index_fixed,combined,source,unseen_within_domain,infog-scan-port,106,90.19607843137256,86.79245283018868
ton_iot_to_iot_nidd_seed1_row_index_fixed,combined,source,unseen_within_domain,malwr-ransomware,212,83.77192982456141,90.09433962264151
ton_iot_to_iot_nidd_seed1_row_index_fixed,combined,source,unseen_within_domain,dos-http,1140,95.90849098108227,95.6140350877193
ton_iot_to_iot_nidd_seed1_row_index_fixed,combined,source,unseen_within_domain,malwr-brutef-ftp,18,69.23076923076923,100.0
ton_iot_to_iot_nidd_seed1_row_index_fixed,combined,source,unseen_within_domain,dos-tcp-syn,307,99.51219512195122,99.6742671009772
ton_iot_to_iot_nidd_seed1_row_index_fixed,combined,source,unseen_within_domain,benign,1689,91.97334106056215,93.96092362344582
ton_iot_to_iot_nidd_seed1_row_index_fixed,combined,source,unseen_within_domain,dos-tcp,3,0.0,0.0
ton_iot_to_iot_nidd_seed1_row_index_fixed,combined,source,unseen_within_domain,malwr-backd-tcp,1134,93.61702127659575,89.2416225749559
ton_iot_to_iot_nidd_seed1_row_index_fixed,combined,source,unseen_within_domain,inject-sql,714,81.87050359712231,79.69187675070029
ton_iot_to_iot_nidd_seed1_row_index_fixed,combined,source,unseen_within_domain,malwr-brutef-http,379,77.79273216689099,76.2532981530343
ton_iot_to_iot_nidd_seed1_row_index_fixed,combined,source,unseen_within_domain,mitm-arpspoof,31,30.985915492957744,35.483870967741936
ton_iot_to_iot_nidd_seed1_row_index_fixed,combined,source,unseen_within_domain,inject-xss,492,86.15384615384616,85.36585365853658
ton_iot_to_iot_nidd_seed1_row_index_fixed,combined,source,unseen_in_either_domain,infog-scan-port,106,90.19607843137256,86.79245283018868
ton_iot_to_iot_nidd_seed1_row_index_fixed,combined,source,unseen_in_either_domain,malwr-ransomware,212,83.77192982456141,90.09433962264151
ton_iot_to_iot_nidd_seed1_row_index_fixed,combined,source,unseen_in_either_domain,dos-http,1140,95.90849098108227,95.6140350877193
ton_iot_to_iot_nidd_seed1_row_index_fixed,combined,source,unseen_in_either_domain,malwr-brutef-ftp,18,69.23076923076923,100.0
ton_iot_to_iot_nidd_seed1_row_index_fixed,combined,source,unseen_in_either_domain,dos-tcp-syn,307,99.51219512195122,99.6742671009772
ton_iot_to_iot_nidd_seed1_row_index_fixed,combined,source,unseen_in_either_domain,benign,1687,91.96402668987525,93.9537640782454
ton_iot_to_iot_nidd_seed1_row_index_fixed,combined,source,unseen_in_either_domain,dos-tcp,3,0.0,0.0
ton_iot_to_iot_nidd_seed1_row_index_fixed,combined,source,unseen_in_either_domain,malwr-backd-tcp,1134,93.61702127659575,89.2416225749559
ton_iot_to_iot_nidd_seed1_row_index_fixed,combined,source,unseen_in_either_domain,inject-sql,714,81.87050359712231,79.69187675070029
ton_iot_to_iot_nidd_seed1_row_index_fixed,combined,source,unseen_in_either_domain,malwr-brutef-http,379,77.79273216689099,76.2532981530343
ton_iot_to_iot_nidd_seed1_row_index_fixed,combined,source,unseen_in_either_domain,mitm-arpspoof,31,30.985915492957744,35.483870967741936
ton_iot_to_iot_nidd_seed1_row_index_fixed,combined,source,unseen_in_either_domain,inject-xss,492,86.15384615384616,85.36585365853658
ton_iot_to_iot_nidd_seed1_row_index_fixed,combined,target,all,infog-scan-port,476,99.05956112852664,99.57983193277312
ton_iot_to_iot_nidd_seed1_row_index_fixed,combined,target,all,dos-http,109,88.66995073891626,82.56880733944955
ton_iot_to_iot_nidd_seed1_row_index_fixed,combined,target,all,dos-tcp-syn,1783,96.03238866396762,99.77565900168256
ton_iot_to_iot_nidd_seed1_row_index_fixed,combined,target,all,benign,2613,97.86661541418412,97.43589743589743
ton_iot_to_iot_nidd_seed1_row_index_fixed,combined,target,all,mitm-arpspoof,11,17.391304347826086,36.36363636363637
ton_iot_to_iot_nidd_seed1_row_index_fixed,combined,target,all,infog-scan-os,13,84.61538461538461,84.61538461538461
ton_iot_to_iot_nidd_seed1_row_index_fixed,combined,target,all,malwr-brutef-telnet,6,63.1578947368421,100.0
ton_iot_to_iot_nidd_seed1_row_index_fixed,combined,target,all,dos-udp,15,100.0,100.0
ton_iot_to_iot_nidd_seed1_row_index_fixed,combined,target,all,dos-tcp-ack,927,90.14084507042254,82.84789644012946
ton_iot_to_iot_nidd_seed1_row_index_fixed,combined,target,all,infog-scan-host,46,98.9247311827957,100.0
ton_iot_to_iot_nidd_seed1_row_index_fixed,combined,target,unseen_within_domain,infog-scan-port,64,94.65648854961832,96.875
ton_iot_to_iot_nidd_seed1_row_index_fixed,combined,target,unseen_within_domain,dos-http,81,95.70552147239265,96.29629629629629
ton_iot_to_iot_nidd_seed1_row_index_fixed,combined,target,unseen_within_domain,dos-tcp-syn,1084,95.57522123893806,99.63099630996311
ton_iot_to_iot_nidd_seed1_row_index_fixed,combined,target,unseen_within_domain,benign,368,89.5104895104895,86.95652173913044
ton_iot_to_iot_nidd_seed1_row_index_fixed,combined,target,unseen_within_domain,mitm-arpspoof,11,21.62162162162162,36.36363636363637
ton_iot_to_iot_nidd_seed1_row_index_fixed,combined,target,unseen_within_domain,infog-scan-os,13,88.0,84.61538461538461
ton_iot_to_iot_nidd_seed1_row_index_fixed,combined,target,unseen_within_domain,malwr-brutef-telnet,6,66.66666666666666,100.0
ton_iot_to_iot_nidd_seed1_row_index_fixed,combined,target,unseen_within_domain,dos-udp,15,100.0,100.0
ton_iot_to_iot_nidd_seed1_row_index_fixed,combined,target,unseen_within_domain,dos-tcp-ack,816,92.01570680628272,86.15196078431373
ton_iot_to_iot_nidd_seed1_row_index_fixed,combined,target,unseen_within_domain,infog-scan-host,28,98.24561403508771,100.0
ton_iot_to_iot_nidd_seed1_row_index_fixed,combined,target,unseen_in_either_domain,infog-scan-port,64,94.65648854961832,96.875
ton_iot_to_iot_nidd_seed1_row_index_fixed,combined,target,unseen_in_either_domain,dos-http,81,95.70552147239265,96.29629629629629
ton_iot_to_iot_nidd_seed1_row_index_fixed,combined,target,unseen_in_either_domain,dos-tcp-syn,1084,95.57522123893806,99.63099630996311
ton_iot_to_iot_nidd_seed1_row_index_fixed,combined,target,unseen_in_either_domain,benign,360,89.27038626609442,86.66666666666667
ton_iot_to_iot_nidd_seed1_row_index_fixed,combined,target,unseen_in_either_domain,mitm-arpspoof,11,21.62162162162162,36.36363636363637
ton_iot_to_iot_nidd_seed1_row_index_fixed,combined,target,unseen_in_either_domain,infog-scan-os,13,88.0,84.61538461538461
ton_iot_to_iot_nidd_seed1_row_index_fixed,combined,target,unseen_in_either_domain,malwr-brutef-telnet,6,66.66666666666666,100.0
ton_iot_to_iot_nidd_seed1_row_index_fixed,combined,target,unseen_in_either_domain,dos-udp,15,100.0,100.0
ton_iot_to_iot_nidd_seed1_row_index_fixed,combined,target,unseen_in_either_domain,dos-tcp-ack,816,92.01570680628272,86.15196078431373
ton_iot_to_iot_nidd_seed1_row_index_fixed,combined,target,unseen_in_either_domain,infog-scan-host,28,98.24561403508771,100.0
ton_iot_to_iot_nidd_seed2_row_index_fixed,ft_mem,source,all,infog-scan-port,469,98.04347826086956,96.16204690831557
ton_iot_to_iot_nidd_seed2_row_index_fixed,ft_mem,source,all,malwr-backd-tcp,1134,98.57142857142858,97.35449735449735
ton_iot_to_iot_nidd_seed2_row_index_fixed,ft_mem,source,all,dos-http,1834,91.47465437788019,86.58669574700109
ton_iot_to_iot_nidd_seed2_row_index_fixed,ft_mem,source,all,mitm-arpspoof,161,2.2222222222222223,1.2422360248447204
ton_iot_to_iot_nidd_seed2_row_index_fixed,ft_mem,source,all,inject-sql,714,69.22043010752688,72.12885154061624
ton_iot_to_iot_nidd_seed2_row_index_fixed,ft_mem,source,all,benign,2727,92.31308002101208,96.66299963329666
ton_iot_to_iot_nidd_seed2_row_index_fixed,ft_mem,source,all,malwr-brutef-http,379,75.3541076487252,70.18469656992085
ton_iot_to_iot_nidd_seed2_row_index_fixed,ft_mem,source,all,dos-tcp-syn,307,90.55258467023172,82.73615635179154
ton_iot_to_iot_nidd_seed2_row_index_fixed,ft_mem,source,all,malwr-brutef-ftp,20,85.1063829787234,100.0
ton_iot_to_iot_nidd_seed2_row_index_fixed,ft_mem,source,all,inject-xss,493,83.76237623762376,85.80121703853956
ton_iot_to_iot_nidd_seed2_row_index_fixed,ft_mem,source,all,dos-tcp,5,0.0,0.0
ton_iot_to_iot_nidd_seed2_row_index_fixed,ft_mem,source,all,malwr-ransomware,212,87.67123287671232,90.56603773584906
ton_iot_to_iot_nidd_seed2_row_index_fixed,ft_mem,source,unseen_within_domain,infog-scan-port,106,90.72164948453609,83.01886792452831
ton_iot_to_iot_nidd_seed2_row_index_fixed,ft_mem,source,unseen_within_domain,malwr-backd-tcp,1134,98.57142857142858,97.35449735449735
ton_iot_to_iot_nidd_seed2_row_index_fixed,ft_mem,source,unseen_within_domain,dos-http,1140,88.84723523898782,83.15789473684211
ton_iot_to_iot_nidd_seed2_row_index_fixed,ft_mem,source,unseen_within_domain,mitm-arpspoof,31,8.0,6.451612903225806
ton_iot_to_iot_nidd_seed2_row_index_fixed,ft_mem,source,unseen_within_domain,inject-sql,714,69.22043010752688,72.12885154061624
ton_iot_to_iot_nidd_seed2_row_index_fixed,ft_mem,source,unseen_within_domain,benign,1689,92.75782155272306,94.78981645944346
ton_iot_to_iot_nidd_seed2_row_index_fixed,ft_mem,source,unseen_within_domain,malwr-brutef-http,379,75.3541076487252,70.18469656992085
ton_iot_to_iot_nidd_seed2_row_index_fixed,ft_mem,source,unseen_within_domain,dos-tcp-syn,307,90.55258467023172,82.73615635179154
ton_iot_to_iot_nidd_seed2_row_index_fixed,ft_mem,source,unseen_within_domain,malwr-brutef-ftp,18,83.72093023255815,100.0
ton_iot_to_iot_nidd_seed2_row_index_fixed,ft_mem,source,unseen_within_domain,inject-xss,492,83.84539147670962,85.97560975609755
ton_iot_to_iot_nidd_seed2_row_index_fixed,ft_mem,source,unseen_within_domain,dos-tcp,3,0.0,0.0
ton_iot_to_iot_nidd_seed2_row_index_fixed,ft_mem,source,unseen_within_domain,malwr-ransomware,212,87.67123287671232,90.56603773584906
ton_iot_to_iot_nidd_seed2_row_index_fixed,ft_mem,source,unseen_in_either_domain,infog-scan-port,106,90.72164948453609,83.01886792452831
ton_iot_to_iot_nidd_seed2_row_index_fixed,ft_mem,source,unseen_in_either_domain,malwr-backd-tcp,1134,98.57142857142858,97.35449735449735
ton_iot_to_iot_nidd_seed2_row_index_fixed,ft_mem,source,unseen_in_either_domain,dos-http,1140,88.84723523898782,83.15789473684211
ton_iot_to_iot_nidd_seed2_row_index_fixed,ft_mem,source,unseen_in_either_domain,mitm-arpspoof,31,8.0,6.451612903225806
ton_iot_to_iot_nidd_seed2_row_index_fixed,ft_mem,source,unseen_in_either_domain,inject-sql,714,69.22043010752688,72.12885154061624
ton_iot_to_iot_nidd_seed2_row_index_fixed,ft_mem,source,unseen_in_either_domain,benign,1687,92.74941995359629,94.7836395969176
ton_iot_to_iot_nidd_seed2_row_index_fixed,ft_mem,source,unseen_in_either_domain,malwr-brutef-http,379,75.3541076487252,70.18469656992085
ton_iot_to_iot_nidd_seed2_row_index_fixed,ft_mem,source,unseen_in_either_domain,dos-tcp-syn,307,90.55258467023172,82.73615635179154
ton_iot_to_iot_nidd_seed2_row_index_fixed,ft_mem,source,unseen_in_either_domain,malwr-brutef-ftp,18,83.72093023255815,100.0
ton_iot_to_iot_nidd_seed2_row_index_fixed,ft_mem,source,unseen_in_either_domain,inject-xss,492,83.84539147670962,85.97560975609755
ton_iot_to_iot_nidd_seed2_row_index_fixed,ft_mem,source,unseen_in_either_domain,dos-tcp,3,0.0,0.0
ton_iot_to_iot_nidd_seed2_row_index_fixed,ft_mem,source,unseen_in_either_domain,malwr-ransomware,212,87.67123287671232,90.56603773584906
ton_iot_to_iot_nidd_seed2_row_index_fixed,ft_mem,target,all,infog-scan-port,476,99.47534102833158,99.57983193277312
ton_iot_to_iot_nidd_seed2_row_index_fixed,ft_mem,target,all,dos-http,109,85.71428571428571,77.06422018348624
ton_iot_to_iot_nidd_seed2_row_index_fixed,ft_mem,target,all,mitm-arpspoof,11,0.0,0.0
ton_iot_to_iot_nidd_seed2_row_index_fixed,ft_mem,target,all,benign,2613,98.66463181991605,98.96670493685419
ton_iot_to_iot_nidd_seed2_row_index_fixed,ft_mem,target,all,dos-tcp-syn,1783,96.27027027027027,99.88782950084128
ton_iot_to_iot_nidd_seed2_row_index_fixed,ft_mem,target,all,infog-scan-os,13,78.26086956521739,69.23076923076923
ton_iot_to_iot_nidd_seed2_row_index_fixed,ft_mem,target,all,malwr-brutef-telnet,6,66.66666666666666,83.33333333333334
ton_iot_to_iot_nidd_seed2_row_index_fixed,ft_mem,target,all,dos-udp,15,100.0,100.0
ton_iot_to_iot_nidd_seed2_row_index_fixed,ft_mem,target,all,dos-tcp-ack,927,91.55092592592592,85.32901833872708
ton_iot_to_iot_nidd_seed2_row_index_fixed,ft_mem,target,all,infog-scan-host,46,96.84210526315789,100.0
ton_iot_to_iot_nidd_seed2_row_index_fixed,ft_mem,target,unseen_within_domain,infog-scan-port,64,96.875,96.875
ton_iot_to_iot_nidd_seed2_row_index_fixed,ft_mem,target,unseen_within_domain,dos-http,81,96.93251533742331,97.53086419753086
ton_iot_to_iot_nidd_seed2_row_index_fixed,ft_mem,target,unseen_within_domain,mitm-arpspoof,11,0.0,0.0
ton_iot_to_iot_nidd_seed2_row_index_fixed,ft_mem,target,unseen_within_domain,benign,368,94.27792915531336,94.02173913043478
ton_iot_to_iot_nidd_seed2_row_index_fixed,ft_mem,target,unseen_within_domain,dos-tcp-syn,1084,95.96452328159644,99.81549815498155
ton_iot_to_iot_nidd_seed2_row_index_fixed,ft_mem,target,unseen_within_domain,infog-scan-os,13,78.26086956521739,69.23076923076923
ton_iot_to_iot_nidd_seed2_row_index_fixed,ft_mem,target,unseen_within_domain,malwr-brutef-telnet,6,66.66666666666666,83.33333333333334
ton_iot_to_iot_nidd_seed2_row_index_fixed,ft_mem,target,unseen_within_domain,dos-udp,15,100.0,100.0
ton_iot_to_iot_nidd_seed2_row_index_fixed,ft_mem,target,unseen_within_domain,dos-tcp-ack,816,93.3505487411233,88.60294117647058
ton_iot_to_iot_nidd_seed2_row_index_fixed,ft_mem,target,unseen_within_domain,infog-scan-host,28,94.91525423728814,100.0
ton_iot_to_iot_nidd_seed2_row_index_fixed,ft_mem,target,unseen_in_either_domain,infog-scan-port,64,96.875,96.875
ton_iot_to_iot_nidd_seed2_row_index_fixed,ft_mem,target,unseen_in_either_domain,dos-http,81,96.93251533742331,97.53086419753086
ton_iot_to_iot_nidd_seed2_row_index_fixed,ft_mem,target,unseen_in_either_domain,mitm-arpspoof,11,0.0,0.0
ton_iot_to_iot_nidd_seed2_row_index_fixed,ft_mem,target,unseen_in_either_domain,benign,360,94.15041782729804,93.88888888888889
ton_iot_to_iot_nidd_seed2_row_index_fixed,ft_mem,target,unseen_in_either_domain,dos-tcp-syn,1084,95.96452328159644,99.81549815498155
ton_iot_to_iot_nidd_seed2_row_index_fixed,ft_mem,target,unseen_in_either_domain,infog-scan-os,13,78.26086956521739,69.23076923076923
ton_iot_to_iot_nidd_seed2_row_index_fixed,ft_mem,target,unseen_in_either_domain,malwr-brutef-telnet,6,66.66666666666666,83.33333333333334
ton_iot_to_iot_nidd_seed2_row_index_fixed,ft_mem,target,unseen_in_either_domain,dos-udp,15,100.0,100.0
ton_iot_to_iot_nidd_seed2_row_index_fixed,ft_mem,target,unseen_in_either_domain,dos-tcp-ack,816,93.3505487411233,88.60294117647058
ton_iot_to_iot_nidd_seed2_row_index_fixed,ft_mem,target,unseen_in_either_domain,infog-scan-host,28,94.91525423728814,100.0
ton_iot_to_iot_nidd_seed2_row_index_fixed,replay,source,all,infog-scan-port,469,83.18804483188045,71.21535181236673
ton_iot_to_iot_nidd_seed2_row_index_fixed,replay,source,all,malwr-backd-tcp,1134,96.48562300319489,93.20987654320987
ton_iot_to_iot_nidd_seed2_row_index_fixed,replay,source,all,dos-http,1834,93.64586275063542,90.40348964013086
ton_iot_to_iot_nidd_seed2_row_index_fixed,replay,source,all,mitm-arpspoof,161,5.780346820809249,3.1055900621118013
ton_iot_to_iot_nidd_seed2_row_index_fixed,replay,source,all,inject-sql,714,75.4054054054054,78.15126050420169
ton_iot_to_iot_nidd_seed2_row_index_fixed,replay,source,all,benign,2727,93.01179369829255,96.88302163549687
ton_iot_to_iot_nidd_seed2_row_index_fixed,replay,source,all,malwr-brutef-http,379,77.27272727272727,71.76781002638522
ton_iot_to_iot_nidd_seed2_row_index_fixed,replay,source,all,dos-tcp-syn,307,83.37874659400545,99.6742671009772
ton_iot_to_iot_nidd_seed2_row_index_fixed,replay,source,all,malwr-brutef-ftp,20,86.95652173913044,100.0
ton_iot_to_iot_nidd_seed2_row_index_fixed,replay,source,all,inject-xss,493,85.22954091816366,86.61257606490872
ton_iot_to_iot_nidd_seed2_row_index_fixed,replay,source,all,dos-tcp,5,50.0,40.0
ton_iot_to_iot_nidd_seed2_row_index_fixed,replay,source,all,malwr-ransomware,212,90.20501138952164,93.39622641509435
ton_iot_to_iot_nidd_seed2_row_index_fixed,replay,source,unseen_within_domain,infog-scan-port,106,90.72164948453609,83.01886792452831
ton_iot_to_iot_nidd_seed2_row_index_fixed,replay,source,unseen_within_domain,malwr-backd-tcp,1134,96.48562300319489,93.20987654320987
ton_iot_to_iot_nidd_seed2_row_index_fixed,replay,source,unseen_within_domain,dos-http,1140,92.56572982774252,89.56140350877193
ton_iot_to_iot_nidd_seed2_row_index_fixed,replay,source,unseen_within_domain,mitm-arpspoof,31,23.25581395348837,16.129032258064516
ton_iot_to_iot_nidd_seed2_row_index_fixed,replay,source,unseen_within_domain,inject-sql,714,75.4054054054054,78.15126050420169
ton_iot_to_iot_nidd_seed2_row_index_fixed,replay,source,unseen_within_domain,benign,1689,93.92168322618352,95.14505624629959
ton_iot_to_iot_nidd_seed2_row_index_fixed,replay,source,unseen_within_domain,malwr-brutef-http,379,77.27272727272727,71.76781002638522
ton_iot_to_iot_nidd_seed2_row_index_fixed,replay,source,unseen_within_domain,dos-tcp-syn,307,99.18962722852513,99.6742671009772
ton_iot_to_iot_nidd_seed2_row_index_fixed,replay,source,unseen_within_domain,malwr-brutef-ftp,18,85.71428571428571,100.0
ton_iot_to_iot_nidd_seed2_row_index_fixed,replay,source,unseen_within_domain,inject-xss,492,85.3146853146853,86.78861788617887
ton_iot_to_iot_nidd_seed2_row_index_fixed,replay,source,unseen_within_domain,dos-tcp,3,0.0,0.0
ton_iot_to_iot_nidd_seed2_row_index_fixed,replay,source,unseen_within_domain,malwr-ransomware,212,90.20501138952164,93.39622641509435
ton_iot_to_iot_nidd_seed2_row_index_fixed,replay,source,unseen_in_either_domain,infog-scan-port,106,90.72164948453609,83.01886792452831
ton_iot_to_iot_nidd_seed2_row_index_fixed,replay,source,unseen_in_either_domain,malwr-backd-tcp,1134,96.48562300319489,93.20987654320987
ton_iot_to_iot_nidd_seed2_row_index_fixed,replay,source,unseen_in_either_domain,dos-http,1140,92.56572982774252,89.56140350877193
ton_iot_to_iot_nidd_seed2_row_index_fixed,replay,source,unseen_in_either_domain,mitm-arpspoof,31,23.25581395348837,16.129032258064516
ton_iot_to_iot_nidd_seed2_row_index_fixed,replay,source,unseen_in_either_domain,inject-sql,714,75.4054054054054,78.15126050420169
ton_iot_to_iot_nidd_seed2_row_index_fixed,replay,source,unseen_in_either_domain,benign,1687,93.91456992393212,95.1393005334914
ton_iot_to_iot_nidd_seed2_row_index_fixed,replay,source,unseen_in_either_domain,malwr-brutef-http,379,77.27272727272727,71.76781002638522
ton_iot_to_iot_nidd_seed2_row_index_fixed,replay,source,unseen_in_either_domain,dos-tcp-syn,307,99.18962722852513,99.6742671009772
ton_iot_to_iot_nidd_seed2_row_index_fixed,replay,source,unseen_in_either_domain,malwr-brutef-ftp,18,85.71428571428571,100.0
ton_iot_to_iot_nidd_seed2_row_index_fixed,replay,source,unseen_in_either_domain,inject-xss,492,85.3146853146853,86.78861788617887
ton_iot_to_iot_nidd_seed2_row_index_fixed,replay,source,unseen_in_either_domain,dos-tcp,3,0.0,0.0
ton_iot_to_iot_nidd_seed2_row_index_fixed,replay,source,unseen_in_either_domain,malwr-ransomware,212,90.20501138952164,93.39622641509435
ton_iot_to_iot_nidd_seed2_row_index_fixed,replay,target,all,infog-scan-port,476,95.75757575757575,99.57983193277312
ton_iot_to_iot_nidd_seed2_row_index_fixed,replay,target,all,dos-http,109,81.21827411167513,73.39449541284404
ton_iot_to_iot_nidd_seed2_row_index_fixed,replay,target,all,mitm-arpspoof,11,26.666666666666668,18.181818181818183
ton_iot_to_iot_nidd_seed2_row_index_fixed,replay,target,all,benign,2613,97.1157495256167,97.93340987370837
ton_iot_to_iot_nidd_seed2_row_index_fixed,replay,target,all,dos-tcp-syn,1783,94.8168249660787,97.98093101514301
ton_iot_to_iot_nidd_seed2_row_index_fixed,replay,target,all,infog-scan-os,13,78.26086956521739,69.23076923076923
ton_iot_to_iot_nidd_seed2_row_index_fixed,replay,target,all,malwr-brutef-telnet,6,62.5,83.33333333333334
ton_iot_to_iot_nidd_seed2_row_index_fixed,replay,target,all,dos-udp,15,0.0,0.0
ton_iot_to_iot_nidd_seed2_row_index_fixed,replay,target,all,dos-tcp-ack,927,87.93911007025761,81.01402373247033
ton_iot_to_iot_nidd_seed2_row_index_fixed,replay,target,all,infog-scan-host,46,72.72727272727273,60.86956521739131
ton_iot_to_iot_nidd_seed2_row_index_fixed,replay,target,unseen_within_domain,infog-scan-port,64,82.66666666666667,96.875
ton_iot_to_iot_nidd_seed2_row_index_fixed,replay,target,unseen_within_domain,dos-http,81,92.12121212121212,93.82716049382715
ton_iot_to_iot_nidd_seed2_row_index_fixed,replay,target,unseen_within_domain,mitm-arpspoof,11,26.666666666666668,18.181818181818183
ton_iot_to_iot_nidd_seed2_row_index_fixed,replay,target,unseen_within_domain,benign,368,88.35978835978835,90.76086956521739
ton_iot_to_iot_nidd_seed2_row_index_fixed,replay,target,unseen_within_domain,dos-tcp-syn,1084,94.1855304039059,97.87822878228782
ton_iot_to_iot_nidd_seed2_row_index_fixed,replay,target,unseen_within_domain,infog-scan-os,13,78.26086956521739,69.23076923076923
ton_iot_to_iot_nidd_seed2_row_index_fixed,replay,target,unseen_within_domain,malwr-brutef-telnet,6,66.66666666666666,83.33333333333334
ton_iot_to_iot_nidd_seed2_row_index_fixed,replay,target,unseen_within_domain,dos-udp,15,0.0,0.0
ton_iot_to_iot_nidd_seed2_row_index_fixed,replay,target,unseen_within_domain,dos-tcp-ack,816,90.45424621461487,84.19117647058823
ton_iot_to_iot_nidd_seed2_row_index_fixed,replay,target,unseen_within_domain,infog-scan-host,28,94.91525423728814,100.0
ton_iot_to_iot_nidd_seed2_row_index_fixed,replay,target,unseen_in_either_domain,infog-scan-port,64,82.66666666666667,96.875
ton_iot_to_iot_nidd_seed2_row_index_fixed,replay,target,unseen_in_either_domain,dos-http,81,92.12121212121212,93.82716049382715
ton_iot_to_iot_nidd_seed2_row_index_fixed,replay,target,unseen_in_either_domain,mitm-arpspoof,11,26.666666666666668,18.181818181818183
ton_iot_to_iot_nidd_seed2_row_index_fixed,replay,target,unseen_in_either_domain,benign,360,88.10810810810811,90.55555555555556
ton_iot_to_iot_nidd_seed2_row_index_fixed,replay,target,unseen_in_either_domain,dos-tcp-syn,1084,94.1855304039059,97.87822878228782
ton_iot_to_iot_nidd_seed2_row_index_fixed,replay,target,unseen_in_either_domain,infog-scan-os,13,78.26086956521739,69.23076923076923
ton_iot_to_iot_nidd_seed2_row_index_fixed,replay,target,unseen_in_either_domain,malwr-brutef-telnet,6,66.66666666666666,83.33333333333334
ton_iot_to_iot_nidd_seed2_row_index_fixed,replay,target,unseen_in_either_domain,dos-udp,15,0.0,0.0
ton_iot_to_iot_nidd_seed2_row_index_fixed,replay,target,unseen_in_either_domain,dos-tcp-ack,816,90.45424621461487,84.19117647058823
ton_iot_to_iot_nidd_seed2_row_index_fixed,replay,target,unseen_in_either_domain,infog-scan-host,28,94.91525423728814,100.0
ton_iot_to_iot_nidd_seed2_row_index_fixed,weighted,source,all,infog-scan-port,469,97.82608695652173,95.94882729211088
ton_iot_to_iot_nidd_seed2_row_index_fixed,weighted,source,all,malwr-backd-tcp,1134,96.35701275045537,93.29805996472663
ton_iot_to_iot_nidd_seed2_row_index_fixed,weighted,source,all,dos-http,1834,93.34849346219443,89.53107960741549
ton_iot_to_iot_nidd_seed2_row_index_fixed,weighted,source,all,mitm-arpspoof,161,46.312178387650086,83.85093167701864
ton_iot_to_iot_nidd_seed2_row_index_fixed,weighted,source,all,inject-sql,714,72.72727272727273,71.70868347338936
ton_iot_to_iot_nidd_seed2_row_index_fixed,weighted,source,all,benign,2727,89.32478310071672,86.83535020168684
ton_iot_to_iot_nidd_seed2_row_index_fixed,weighted,source,all,malwr-brutef-http,379,76.34854771784232,72.82321899736148
ton_iot_to_iot_nidd_seed2_row_index_fixed,weighted,source,all,dos-tcp-syn,307,90.19607843137256,82.41042345276874
ton_iot_to_iot_nidd_seed2_row_index_fixed,weighted,source,all,malwr-brutef-ftp,20,66.66666666666666,100.0
ton_iot_to_iot_nidd_seed2_row_index_fixed,weighted,source,all,inject-xss,493,83.36673346693387,84.38133874239351
ton_iot_to_iot_nidd_seed2_row_index_fixed,weighted,source,all,dos-tcp,5,0.0,0.0
ton_iot_to_iot_nidd_seed2_row_index_fixed,weighted,source,all,malwr-ransomware,212,84.76821192052981,90.56603773584906
ton_iot_to_iot_nidd_seed2_row_index_fixed,weighted,source,unseen_within_domain,infog-scan-port,106,89.69072164948454,82.0754716981132
ton_iot_to_iot_nidd_seed2_row_index_fixed,weighted,source,unseen_within_domain,malwr-backd-tcp,1134,96.35701275045537,93.29805996472663
ton_iot_to_iot_nidd_seed2_row_index_fixed,weighted,source,unseen_within_domain,dos-http,1140,92.07512597343106,88.1578947368421
ton_iot_to_iot_nidd_seed2_row_index_fixed,weighted,source,unseen_within_domain,mitm-arpspoof,31,17.857142857142858,16.129032258064516
ton_iot_to_iot_nidd_seed2_row_index_fixed,weighted,source,unseen_within_domain,inject-sql,714,72.72727272727273,71.70868347338936
ton_iot_to_iot_nidd_seed2_row_index_fixed,weighted,source,unseen_within_domain,benign,1689,93.51851851851852,95.67791592658378
ton_iot_to_iot_nidd_seed2_row_index_fixed,weighted,source,unseen_within_domain,malwr-brutef-http,379,76.34854771784232,72.82321899736148
ton_iot_to_iot_nidd_seed2_row_index_fixed,weighted,source,unseen_within_domain,dos-tcp-syn,307,90.19607843137256,82.41042345276874
ton_iot_to_iot_nidd_seed2_row_index_fixed,weighted,source,unseen_within_domain,malwr-brutef-ftp,18,64.28571428571429,100.0
ton_iot_to_iot_nidd_seed2_row_index_fixed,weighted,source,unseen_within_domain,inject-xss,492,83.45035105315948,84.5528455284553
ton_iot_to_iot_nidd_seed2_row_index_fixed,weighted,source,unseen_within_domain,dos-tcp,3,0.0,0.0
ton_iot_to_iot_nidd_seed2_row_index_fixed,weighted,source,unseen_within_domain,malwr-ransomware,212,84.76821192052981,90.56603773584906
ton_iot_to_iot_nidd_seed2_row_index_fixed,weighted,source,unseen_in_either_domain,infog-scan-port,106,89.69072164948454,82.0754716981132
ton_iot_to_iot_nidd_seed2_row_index_fixed,weighted,source,unseen_in_either_domain,malwr-backd-tcp,1134,96.35701275045537,93.29805996472663
ton_iot_to_iot_nidd_seed2_row_index_fixed,weighted,source,unseen_in_either_domain,dos-http,1140,92.07512597343106,88.1578947368421
ton_iot_to_iot_nidd_seed2_row_index_fixed,weighted,source,unseen_in_either_domain,mitm-arpspoof,31,17.857142857142858,16.129032258064516
ton_iot_to_iot_nidd_seed2_row_index_fixed,weighted,source,unseen_in_either_domain,inject-sql,714,72.72727272727273,71.70868347338936
ton_iot_to_iot_nidd_seed2_row_index_fixed,weighted,source,unseen_in_either_domain,benign,1687,93.51100811123986,95.6727919383521
ton_iot_to_iot_nidd_seed2_row_index_fixed,weighted,source,unseen_in_either_domain,malwr-brutef-http,379,76.34854771784232,72.82321899736148
ton_iot_to_iot_nidd_seed2_row_index_fixed,weighted,source,unseen_in_either_domain,dos-tcp-syn,307,90.19607843137256,82.41042345276874
ton_iot_to_iot_nidd_seed2_row_index_fixed,weighted,source,unseen_in_either_domain,malwr-brutef-ftp,18,64.28571428571429,100.0
ton_iot_to_iot_nidd_seed2_row_index_fixed,weighted,source,unseen_in_either_domain,inject-xss,492,83.45035105315948,84.5528455284553
ton_iot_to_iot_nidd_seed2_row_index_fixed,weighted,source,unseen_in_either_domain,dos-tcp,3,0.0,0.0
ton_iot_to_iot_nidd_seed2_row_index_fixed,weighted,source,unseen_in_either_domain,malwr-ransomware,212,84.76821192052981,90.56603773584906
ton_iot_to_iot_nidd_seed2_row_index_fixed,weighted,target,all,infog-scan-port,476,98.34368530020704,99.78991596638656
ton_iot_to_iot_nidd_seed2_row_index_fixed,weighted,target,all,dos-http,109,88.99521531100478,85.3211009174312
ton_iot_to_iot_nidd_seed2_row_index_fixed,weighted,target,all,mitm-arpspoof,11,29.411764705882355,45.45454545454545
ton_iot_to_iot_nidd_seed2_row_index_fixed,weighted,target,all,benign,2613,98.42307692307692,97.93340987370837
ton_iot_to_iot_nidd_seed2_row_index_fixed,weighted,target,all,dos-tcp-syn,1783,95.98480737927292,99.21480650588896
ton_iot_to_iot_nidd_seed2_row_index_fixed,weighted,target,all,infog-scan-os,13,66.66666666666666,84.61538461538461
ton_iot_to_iot_nidd_seed2_row_index_fixed,weighted,target,all,malwr-brutef-telnet,6,66.66666666666666,83.33333333333334
ton_iot_to_iot_nidd_seed2_row_index_fixed,weighted,target,all,dos-udp,15,96.7741935483871,100.0
ton_iot_to_iot_nidd_seed2_row_index_fixed,weighted,target,all,dos-tcp-ack,927,91.88876013904984,85.54476806903992
ton_iot_to_iot_nidd_seed2_row_index_fixed,weighted,target,all,infog-scan-host,46,96.84210526315789,100.0
ton_iot_to_iot_nidd_seed2_row_index_fixed,weighted,target,unseen_within_domain,infog-scan-port,64,91.97080291970804,98.4375
ton_iot_to_iot_nidd_seed2_row_index_fixed,weighted,target,unseen_within_domain,dos-http,81,95.23809523809523,98.76543209876543
ton_iot_to_iot_nidd_seed2_row_index_fixed,weighted,target,unseen_within_domain,mitm-arpspoof,11,31.25,45.45454545454545
ton_iot_to_iot_nidd_seed2_row_index_fixed,weighted,target,unseen_within_domain,benign,368,92.06798866855524,88.31521739130434
ton_iot_to_iot_nidd_seed2_row_index_fixed,weighted,target,unseen_within_domain,dos-tcp-syn,1084,95.5902004454343,98.98523985239852
ton_iot_to_iot_nidd_seed2_row_index_fixed,weighted,target,unseen_within_domain,infog-scan-os,13,75.86206896551724,84.61538461538461
ton_iot_to_iot_nidd_seed2_row_index_fixed,weighted,target,unseen_within_domain,malwr-brutef-telnet,6,66.66666666666666,83.33333333333334
ton_iot_to_iot_nidd_seed2_row_index_fixed,weighted,target,unseen_within_domain,dos-udp,15,96.7741935483871,100.0
ton_iot_to_iot_nidd_seed2_row_index_fixed,weighted,target,unseen_within_domain,dos-tcp-ack,816,93.72979961215255,88.84803921568627
ton_iot_to_iot_nidd_seed2_row_index_fixed,weighted,target,unseen_within_domain,infog-scan-host,28,94.91525423728814,100.0
ton_iot_to_iot_nidd_seed2_row_index_fixed,weighted,target,unseen_in_either_domain,infog-scan-port,64,91.97080291970804,98.4375
ton_iot_to_iot_nidd_seed2_row_index_fixed,weighted,target,unseen_in_either_domain,dos-http,81,95.23809523809523,98.76543209876543
ton_iot_to_iot_nidd_seed2_row_index_fixed,weighted,target,unseen_in_either_domain,mitm-arpspoof,11,31.25,45.45454545454545
ton_iot_to_iot_nidd_seed2_row_index_fixed,weighted,target,unseen_in_either_domain,benign,360,91.88405797101449,88.05555555555556
ton_iot_to_iot_nidd_seed2_row_index_fixed,weighted,target,unseen_in_either_domain,dos-tcp-syn,1084,95.5902004454343,98.98523985239852
ton_iot_to_iot_nidd_seed2_row_index_fixed,weighted,target,unseen_in_either_domain,infog-scan-os,13,75.86206896551724,84.61538461538461
ton_iot_to_iot_nidd_seed2_row_index_fixed,weighted,target,unseen_in_either_domain,malwr-brutef-telnet,6,66.66666666666666,83.33333333333334
ton_iot_to_iot_nidd_seed2_row_index_fixed,weighted,target,unseen_in_either_domain,dos-udp,15,96.7741935483871,100.0
ton_iot_to_iot_nidd_seed2_row_index_fixed,weighted,target,unseen_in_either_domain,dos-tcp-ack,816,93.72979961215255,88.84803921568627
ton_iot_to_iot_nidd_seed2_row_index_fixed,weighted,target,unseen_in_either_domain,infog-scan-host,28,94.91525423728814,100.0
ton_iot_to_iot_nidd_seed2_row_index_fixed,combined,source,all,infog-scan-port,469,97.8401727861771,96.58848614072495
ton_iot_to_iot_nidd_seed2_row_index_fixed,combined,source,all,malwr-backd-tcp,1134,96.48882808937529,93.29805996472663
ton_iot_to_iot_nidd_seed2_row_index_fixed,combined,source,all,dos-http,1834,95.79269991641127,93.72955288985824
ton_iot_to_iot_nidd_seed2_row_index_fixed,combined,source,all,mitm-arpspoof,161,46.47160068846816,83.85093167701864
ton_iot_to_iot_nidd_seed2_row_index_fixed,combined,source,all,inject-sql,714,80.76416337285902,85.85434173669468
ton_iot_to_iot_nidd_seed2_row_index_fixed,combined,source,all,benign,2727,91.29519801033096,87.4954162082875
ton_iot_to_iot_nidd_seed2_row_index_fixed,combined,source,all,malwr-brutef-http,379,82.42074927953891,75.46174142480211
ton_iot_to_iot_nidd_seed2_row_index_fixed,combined,source,all,dos-tcp-syn,307,99.836867862969,99.6742671009772
ton_iot_to_iot_nidd_seed2_row_index_fixed,combined,source,all,malwr-brutef-ftp,20,40.816326530612244,100.0
ton_iot_to_iot_nidd_seed2_row_index_fixed,combined,source,all,inject-xss,493,92.96066252587993,91.07505070993915
ton_iot_to_iot_nidd_seed2_row_index_fixed,combined,source,all,dos-tcp,5,50.0,40.0
ton_iot_to_iot_nidd_seed2_row_index_fixed,combined,source,all,malwr-ransomware,212,86.8421052631579,93.39622641509435
ton_iot_to_iot_nidd_seed2_row_index_fixed,combined,source,unseen_within_domain,infog-scan-port,106,90.0,84.90566037735849
ton_iot_to_iot_nidd_seed2_row_index_fixed,combined,source,unseen_within_domain,malwr-backd-tcp,1134,96.48882808937529,93.29805996472663
ton_iot_to_iot_nidd_seed2_row_index_fixed,combined,source,unseen_within_domain,dos-http,1140,93.5029532030895,90.26315789473685
ton_iot_to_iot_nidd_seed2_row_index_fixed,combined,source,unseen_within_domain,mitm-arpspoof,31,18.51851851851852,16.129032258064516
ton_iot_to_iot_nidd_seed2_row_index_fixed,combined,source,unseen_within_domain,inject-sql,714,80.76416337285902,85.85434173669468
ton_iot_to_iot_nidd_seed2_row_index_fixed,combined,source,unseen_within_domain,benign,1689,95.165987186954,96.74363528715216
ton_iot_to_iot_nidd_seed2_row_index_fixed,combined,source,unseen_within_domain,malwr-brutef-http,379,82.42074927953891,75.46174142480211
ton_iot_to_iot_nidd_seed2_row_index_fixed,combined,source,unseen_within_domain,dos-tcp-syn,307,99.836867862969,99.6742671009772
ton_iot_to_iot_nidd_seed2_row_index_fixed,combined,source,unseen_within_domain,malwr-brutef-ftp,18,38.297872340425535,100.0
ton_iot_to_iot_nidd_seed2_row_index_fixed,combined,source,unseen_within_domain,inject-xss,492,93.05699481865285,91.26016260162602
ton_iot_to_iot_nidd_seed2_row_index_fixed,combined,source,unseen_within_domain,dos-tcp,3,0.0,0.0
ton_iot_to_iot_nidd_seed2_row_index_fixed,combined,source,unseen_within_domain,malwr-ransomware,212,86.8421052631579,93.39622641509435
ton_iot_to_iot_nidd_seed2_row_index_fixed,combined,source,unseen_in_either_domain,infog-scan-port,106,90.0,84.90566037735849
ton_iot_to_iot_nidd_seed2_row_index_fixed,combined,source,unseen_in_either_domain,malwr-backd-tcp,1134,96.48882808937529,93.29805996472663
ton_iot_to_iot_nidd_seed2_row_index_fixed,combined,source,unseen_in_either_domain,dos-http,1140,93.5029532030895,90.26315789473685
ton_iot_to_iot_nidd_seed2_row_index_fixed,combined,source,unseen_in_either_domain,mitm-arpspoof,31,18.51851851851852,16.129032258064516
ton_iot_to_iot_nidd_seed2_row_index_fixed,combined,source,unseen_in_either_domain,inject-sql,714,80.76416337285902,85.85434173669468
ton_iot_to_iot_nidd_seed2_row_index_fixed,combined,source,unseen_in_either_domain,benign,1687,95.1603498542274,96.7397747480735
ton_iot_to_iot_nidd_seed2_row_index_fixed,combined,source,unseen_in_either_domain,malwr-brutef-http,379,82.42074927953891,75.46174142480211
ton_iot_to_iot_nidd_seed2_row_index_fixed,combined,source,unseen_in_either_domain,dos-tcp-syn,307,99.836867862969,99.6742671009772
ton_iot_to_iot_nidd_seed2_row_index_fixed,combined,source,unseen_in_either_domain,malwr-brutef-ftp,18,38.297872340425535,100.0
ton_iot_to_iot_nidd_seed2_row_index_fixed,combined,source,unseen_in_either_domain,inject-xss,492,93.05699481865285,91.26016260162602
ton_iot_to_iot_nidd_seed2_row_index_fixed,combined,source,unseen_in_either_domain,dos-tcp,3,0.0,0.0
ton_iot_to_iot_nidd_seed2_row_index_fixed,combined,source,unseen_in_either_domain,malwr-ransomware,212,86.8421052631579,93.39622641509435
ton_iot_to_iot_nidd_seed2_row_index_fixed,combined,target,all,infog-scan-port,476,99.26701570680628,99.57983193277312
ton_iot_to_iot_nidd_seed2_row_index_fixed,combined,target,all,dos-http,109,89.85507246376811,85.3211009174312
ton_iot_to_iot_nidd_seed2_row_index_fixed,combined,target,all,mitm-arpspoof,11,20.408163265306122,45.45454545454545
ton_iot_to_iot_nidd_seed2_row_index_fixed,combined,target,all,benign,2613,98.24426008103416,97.43589743589743
ton_iot_to_iot_nidd_seed2_row_index_fixed,combined,target,all,dos-tcp-syn,1783,96.26421223605848,99.7195737521032
ton_iot_to_iot_nidd_seed2_row_index_fixed,combined,target,all,infog-scan-os,13,91.66666666666666,84.61538461538461
ton_iot_to_iot_nidd_seed2_row_index_fixed,combined,target,all,malwr-brutef-telnet,6,75.0,100.0
ton_iot_to_iot_nidd_seed2_row_index_fixed,combined,target,all,dos-udp,15,96.7741935483871,100.0
ton_iot_to_iot_nidd_seed2_row_index_fixed,combined,target,all,dos-tcp-ack,927,91.85441941074524,85.76051779935275
ton_iot_to_iot_nidd_seed2_row_index_fixed,combined,target,all,infog-scan-host,46,96.84210526315789,100.0
ton_iot_to_iot_nidd_seed2_row_index_fixed,combined,target,unseen_within_domain,infog-scan-port,64,95.38461538461539,96.875
ton_iot_to_iot_nidd_seed2_row_index_fixed,combined,target,unseen_within_domain,dos-http,81,96.96969696969697,98.76543209876543
ton_iot_to_iot_nidd_seed2_row_index_fixed,combined,target,unseen_within_domain,mitm-arpspoof,11,25.0,45.45454545454545
ton_iot_to_iot_nidd_seed2_row_index_fixed,combined,target,unseen_within_domain,benign,368,91.82209469153516,86.95652173913044
ton_iot_to_iot_nidd_seed2_row_index_fixed,combined,target,unseen_within_domain,dos-tcp-syn,1084,95.95375722543352,99.53874538745387
ton_iot_to_iot_nidd_seed2_row_index_fixed,combined,target,unseen_within_domain,infog-scan-os,13,91.66666666666666,84.61538461538461
ton_iot_to_iot_nidd_seed2_row_index_fixed,combined,target,unseen_within_domain,malwr-brutef-telnet,6,75.0,100.0
ton_iot_to_iot_nidd_seed2_row_index_fixed,combined,target,unseen_within_domain,dos-udp,15,96.7741935483871,100.0
ton_iot_to_iot_nidd_seed2_row_index_fixed,combined,target,unseen_within_domain,dos-tcp-ack,816,93.68556701030928,89.09313725490196
ton_iot_to_iot_nidd_seed2_row_index_fixed,combined,target,unseen_within_domain,infog-scan-host,28,94.91525423728814,100.0
ton_iot_to_iot_nidd_seed2_row_index_fixed,combined,target,unseen_in_either_domain,infog-scan-port,64,95.38461538461539,96.875
ton_iot_to_iot_nidd_seed2_row_index_fixed,combined,target,unseen_in_either_domain,dos-http,81,96.96969696969697,98.76543209876543
ton_iot_to_iot_nidd_seed2_row_index_fixed,combined,target,unseen_in_either_domain,mitm-arpspoof,11,25.0,45.45454545454545
ton_iot_to_iot_nidd_seed2_row_index_fixed,combined,target,unseen_in_either_domain,benign,360,91.62995594713657,86.66666666666667
ton_iot_to_iot_nidd_seed2_row_index_fixed,combined,target,unseen_in_either_domain,dos-tcp-syn,1084,95.95375722543352,99.53874538745387
ton_iot_to_iot_nidd_seed2_row_index_fixed,combined,target,unseen_in_either_domain,infog-scan-os,13,91.66666666666666,84.61538461538461
ton_iot_to_iot_nidd_seed2_row_index_fixed,combined,target,unseen_in_either_domain,malwr-brutef-telnet,6,75.0,100.0
ton_iot_to_iot_nidd_seed2_row_index_fixed,combined,target,unseen_in_either_domain,dos-udp,15,96.7741935483871,100.0
ton_iot_to_iot_nidd_seed2_row_index_fixed,combined,target,unseen_in_either_domain,dos-tcp-ack,816,93.68556701030928,89.09313725490196
ton_iot_to_iot_nidd_seed2_row_index_fixed,combined,target,unseen_in_either_domain,infog-scan-host,28,94.91525423728814,100.0
ton_iot_to_iot_nidd_seed3_row_index_fixed,ft_mem,source,all,dos-http,1834,90.7103825136612,85.98691384950928
ton_iot_to_iot_nidd_seed3_row_index_fixed,ft_mem,source,all,dos-tcp,5,0.0,0.0
ton_iot_to_iot_nidd_seed3_row_index_fixed,ft_mem,source,all,mitm-arpspoof,161,5.681818181818182,3.1055900621118013
ton_iot_to_iot_nidd_seed3_row_index_fixed,ft_mem,source,all,malwr-brutef-ftp,20,90.9090909090909,100.0
ton_iot_to_iot_nidd_seed3_row_index_fixed,ft_mem,source,all,infog-scan-port,469,82.90282902829028,71.85501066098081
ton_iot_to_iot_nidd_seed3_row_index_fixed,ft_mem,source,all,malwr-backd-tcp,1134,96.33187772925764,97.2663139329806
ton_iot_to_iot_nidd_seed3_row_index_fixed,ft_mem,source,all,inject-sql,714,76.68097281831187,75.07002801120449
ton_iot_to_iot_nidd_seed3_row_index_fixed,ft_mem,source,all,benign,2727,90.8748501968841,97.32306563989732
ton_iot_to_iot_nidd_seed3_row_index_fixed,ft_mem,source,all,malwr-ransomware,212,85.1528384279476,91.98113207547169
ton_iot_to_iot_nidd_seed3_row_index_fixed,ft_mem,source,all,malwr-brutef-http,379,78.55361596009975,83.11345646437994
ton_iot_to_iot_nidd_seed3_row_index_fixed,ft_mem,source,all,dos-tcp-syn,307,90.35714285714286,82.41042345276874
ton_iot_to_iot_nidd_seed3_row_index_fixed,ft_mem,source,all,inject-xss,493,83.28141225337488,81.33874239350912
ton_iot_to_iot_nidd_seed3_row_index_fixed,ft_mem,source,unseen_within_domain,dos-http,1140,87.61103319308089,82.19298245614036
ton_iot_to_iot_nidd_seed3_row_index_fixed,ft_mem,source,unseen_within_domain,dos-tcp,3,0.0,0.0
ton_iot_to_iot_nidd_seed3_row_index_fixed,ft_mem,source,unseen_within_domain,mitm-arpspoof,31,21.73913043478261,16.129032258064516
ton_iot_to_iot_nidd_seed3_row_index_fixed,ft_mem,source,unseen_within_domain,malwr-brutef-ftp,18,90.0,100.0
ton_iot_to_iot_nidd_seed3_row_index_fixed,ft_mem,source,unseen_within_domain,infog-scan-port,106,89.2156862745098,85.84905660377359
ton_iot_to_iot_nidd_seed3_row_index_fixed,ft_mem,source,unseen_within_domain,malwr-backd-tcp,1134,96.33187772925764,97.2663139329806
ton_iot_to_iot_nidd_seed3_row_index_fixed,ft_mem,source,unseen_within_domain,inject-sql,714,76.68097281831187,75.07002801120449
ton_iot_to_iot_nidd_seed3_row_index_fixed,ft_mem,source,unseen_within_domain,benign,1689,93.44877344877345,95.85553582001184
ton_iot_to_iot_nidd_seed3_row_index_fixed,ft_mem,source,unseen_within_domain,malwr-ransomware,212,85.1528384279476,91.98113207547169
ton_iot_to_iot_nidd_seed3_row_index_fixed,ft_mem,source,unseen_within_domain,malwr-brutef-http,379,78.55361596009975,83.11345646437994
ton_iot_to_iot_nidd_seed3_row_index_fixed,ft_mem,source,unseen_within_domain,dos-tcp-syn,307,90.35714285714286,82.41042345276874
ton_iot_to_iot_nidd_seed3_row_index_fixed,ft_mem,source,unseen_within_domain,inject-xss,492,83.36798336798337,81.5040650406504
ton_iot_to_iot_nidd_seed3_row_index_fixed,ft_mem,source,unseen_in_either_domain,dos-http,1140,87.61103319308089,82.19298245614036
ton_iot_to_iot_nidd_seed3_row_index_fixed,ft_mem,source,unseen_in_either_domain,dos-tcp,3,0.0,0.0
ton_iot_to_iot_nidd_seed3_row_index_fixed,ft_mem,source,unseen_in_either_domain,mitm-arpspoof,31,21.73913043478261,16.129032258064516
ton_iot_to_iot_nidd_seed3_row_index_fixed,ft_mem,source,unseen_in_either_domain,malwr-brutef-ftp,18,90.0,100.0
ton_iot_to_iot_nidd_seed3_row_index_fixed,ft_mem,source,unseen_in_either_domain,infog-scan-port,106,89.2156862745098,85.84905660377359
ton_iot_to_iot_nidd_seed3_row_index_fixed,ft_mem,source,unseen_in_either_domain,malwr-backd-tcp,1134,96.33187772925764,97.2663139329806
ton_iot_to_iot_nidd_seed3_row_index_fixed,ft_mem,source,unseen_in_either_domain,inject-sql,714,76.68097281831187,75.07002801120449
ton_iot_to_iot_nidd_seed3_row_index_fixed,ft_mem,source,unseen_in_either_domain,benign,1687,93.44120196475008,95.850622406639
ton_iot_to_iot_nidd_seed3_row_index_fixed,ft_mem,source,unseen_in_either_domain,malwr-ransomware,212,85.1528384279476,91.98113207547169
ton_iot_to_iot_nidd_seed3_row_index_fixed,ft_mem,source,unseen_in_either_domain,malwr-brutef-http,379,78.55361596009975,83.11345646437994
ton_iot_to_iot_nidd_seed3_row_index_fixed,ft_mem,source,unseen_in_either_domain,dos-tcp-syn,307,90.35714285714286,82.41042345276874
ton_iot_to_iot_nidd_seed3_row_index_fixed,ft_mem,source,unseen_in_either_domain,inject-xss,492,83.36798336798337,81.5040650406504
ton_iot_to_iot_nidd_seed3_row_index_fixed,ft_mem,target,all,dos-http,109,85.27918781725889,77.06422018348624
ton_iot_to_iot_nidd_seed3_row_index_fixed,ft_mem,target,all,mitm-arpspoof,11,13.333333333333334,9.090909090909092
ton_iot_to_iot_nidd_seed3_row_index_fixed,ft_mem,target,all,infog-scan-port,476,99.26854754440961,99.78991596638656
ton_iot_to_iot_nidd_seed3_row_index_fixed,ft_mem,target,all,benign,2613,98.44106463878327,99.08151549942595
ton_iot_to_iot_nidd_seed3_row_index_fixed,ft_mem,target,all,dos-tcp-syn,1783,96.2182603997839,99.88782950084128
ton_iot_to_iot_nidd_seed3_row_index_fixed,ft_mem,target,all,infog-scan-os,13,72.72727272727273,61.53846153846154
ton_iot_to_iot_nidd_seed3_row_index_fixed,ft_mem,target,all,malwr-brutef-telnet,6,76.92307692307693,83.33333333333334
ton_iot_to_iot_nidd_seed3_row_index_fixed,ft_mem,target,all,dos-udp,15,100.0,100.0
ton_iot_to_iot_nidd_seed3_row_index_fixed,ft_mem,target,all,dos-tcp-ack,927,90.79178885630499,83.49514563106796
ton_iot_to_iot_nidd_seed3_row_index_fixed,ft_mem,target,all,infog-scan-host,46,96.84210526315789,100.0
ton_iot_to_iot_nidd_seed3_row_index_fixed,ft_mem,target,unseen_within_domain,dos-http,81,96.34146341463415,97.53086419753086
ton_iot_to_iot_nidd_seed3_row_index_fixed,ft_mem,target,unseen_within_domain,mitm-arpspoof,11,13.333333333333334,9.090909090909092
ton_iot_to_iot_nidd_seed3_row_index_fixed,ft_mem,target,unseen_within_domain,infog-scan-port,64,96.18320610687023,98.4375
ton_iot_to_iot_nidd_seed3_row_index_fixed,ft_mem,target,unseen_within_domain,benign,368,93.20905459387482,95.1086956521739
ton_iot_to_iot_nidd_seed3_row_index_fixed,ft_mem,target,unseen_within_domain,dos-tcp-syn,1084,95.87948604342047,99.81549815498155
ton_iot_to_iot_nidd_seed3_row_index_fixed,ft_mem,target,unseen_within_domain,infog-scan-os,13,72.72727272727273,61.53846153846154
ton_iot_to_iot_nidd_seed3_row_index_fixed,ft_mem,target,unseen_within_domain,malwr-brutef-telnet,6,76.92307692307693,83.33333333333334
ton_iot_to_iot_nidd_seed3_row_index_fixed,ft_mem,target,unseen_within_domain,dos-udp,15,100.0,100.0
ton_iot_to_iot_nidd_seed3_row_index_fixed,ft_mem,target,unseen_within_domain,dos-tcp-ack,816,92.67015706806284,86.76470588235294
ton_iot_to_iot_nidd_seed3_row_index_fixed,ft_mem,target,unseen_within_domain,infog-scan-host,28,94.91525423728814,100.0
ton_iot_to_iot_nidd_seed3_row_index_fixed,ft_mem,target,unseen_in_either_domain,dos-http,81,96.34146341463415,97.53086419753086
ton_iot_to_iot_nidd_seed3_row_index_fixed,ft_mem,target,unseen_in_either_domain,mitm-arpspoof,11,13.333333333333334,9.090909090909092
ton_iot_to_iot_nidd_seed3_row_index_fixed,ft_mem,target,unseen_in_either_domain,infog-scan-port,64,96.18320610687023,98.4375
ton_iot_to_iot_nidd_seed3_row_index_fixed,ft_mem,target,unseen_in_either_domain,benign,360,93.06122448979592,95.0
ton_iot_to_iot_nidd_seed3_row_index_fixed,ft_mem,target,unseen_in_either_domain,dos-tcp-syn,1084,95.87948604342047,99.81549815498155
ton_iot_to_iot_nidd_seed3_row_index_fixed,ft_mem,target,unseen_in_either_domain,infog-scan-os,13,72.72727272727273,61.53846153846154
ton_iot_to_iot_nidd_seed3_row_index_fixed,ft_mem,target,unseen_in_either_domain,malwr-brutef-telnet,6,76.92307692307693,83.33333333333334
ton_iot_to_iot_nidd_seed3_row_index_fixed,ft_mem,target,unseen_in_either_domain,dos-udp,15,100.0,100.0
ton_iot_to_iot_nidd_seed3_row_index_fixed,ft_mem,target,unseen_in_either_domain,dos-tcp-ack,816,92.67015706806284,86.76470588235294
ton_iot_to_iot_nidd_seed3_row_index_fixed,ft_mem,target,unseen_in_either_domain,infog-scan-host,28,94.91525423728814,100.0
ton_iot_to_iot_nidd_seed3_row_index_fixed,replay,source,all,dos-http,1834,97.34610123119015,97.0010905125409
ton_iot_to_iot_nidd_seed3_row_index_fixed,replay,source,all,dos-tcp,5,50.0,40.0
ton_iot_to_iot_nidd_seed3_row_index_fixed,replay,source,all,mitm-arpspoof,161,46.17834394904459,90.06211180124224
ton_iot_to_iot_nidd_seed3_row_index_fixed,replay,source,all,malwr-brutef-ftp,20,90.9090909090909,100.0
ton_iot_to_iot_nidd_seed3_row_index_fixed,replay,source,all,infog-scan-port,469,98.07280513918629,97.6545842217484
ton_iot_to_iot_nidd_seed3_row_index_fixed,replay,source,all,malwr-backd-tcp,1134,98.52612773559625,97.2663139329806
ton_iot_to_iot_nidd_seed3_row_index_fixed,replay,source,all,inject-sql,714,85.383502170767,82.6330532212885
ton_iot_to_iot_nidd_seed3_row_index_fixed,replay,source,all,benign,2727,90.66820276497695,86.57865786578658
ton_iot_to_iot_nidd_seed3_row_index_fixed,replay,source,all,malwr-ransomware,212,90.5311778290993,92.45283018867924
ton_iot_to_iot_nidd_seed3_row_index_fixed,replay,source,all,malwr-brutef-http,379,84.93506493506493,86.2796833773087
ton_iot_to_iot_nidd_seed3_row_index_fixed,replay,source,all,dos-tcp-syn,307,99.6742671009772,99.6742671009772
ton_iot_to_iot_nidd_seed3_row_index_fixed,replay,source,all,inject-xss,493,92.14876033057851,90.46653144016227
ton_iot_to_iot_nidd_seed3_row_index_fixed,replay,source,unseen_within_domain,dos-http,1140,96.0741067490075,95.52631578947368
ton_iot_to_iot_nidd_seed3_row_index_fixed,replay,source,unseen_within_domain,dos-tcp,3,0.0,0.0
ton_iot_to_iot_nidd_seed3_row_index_fixed,replay,source,unseen_within_domain,mitm-arpspoof,31,32.967032967032964,48.38709677419355
ton_iot_to_iot_nidd_seed3_row_index_fixed,replay,source,unseen_within_domain,malwr-brutef-ftp,18,90.0,100.0
ton_iot_to_iot_nidd_seed3_row_index_fixed,replay,source,unseen_within_domain,infog-scan-port,106,91.34615384615384,89.62264150943396
ton_iot_to_iot_nidd_seed3_row_index_fixed,replay,source,unseen_within_domain,malwr-backd-tcp,1134,98.52612773559625,97.2663139329806
ton_iot_to_iot_nidd_seed3_row_index_fixed,replay,source,unseen_within_domain,inject-sql,714,85.383502170767,82.6330532212885
ton_iot_to_iot_nidd_seed3_row_index_fixed,replay,source,unseen_within_domain,benign,1689,94.04517453798768,94.90822972172883
ton_iot_to_iot_nidd_seed3_row_index_fixed,replay,source,unseen_within_domain,malwr-ransomware,212,90.5311778290993,92.45283018867924
ton_iot_to_iot_nidd_seed3_row_index_fixed,replay,source,unseen_within_domain,malwr-brutef-http,379,84.93506493506493,86.2796833773087
ton_iot_to_iot_nidd_seed3_row_index_fixed,replay,source,unseen_within_domain,dos-tcp-syn,307,99.6742671009772,99.6742671009772
ton_iot_to_iot_nidd_seed3_row_index_fixed,replay,source,unseen_within_domain,inject-xss,492,92.2440537745605,90.65040650406505
ton_iot_to_iot_nidd_seed3_row_index_fixed,replay,source,unseen_in_either_domain,dos-http,1140,96.0741067490075,95.52631578947368
ton_iot_to_iot_nidd_seed3_row_index_fixed,replay,source,unseen_in_either_domain,dos-tcp,3,0.0,0.0
ton_iot_to_iot_nidd_seed3_row_index_fixed,replay,source,unseen_in_either_domain,mitm-arpspoof,31,32.967032967032964,48.38709677419355
ton_iot_to_iot_nidd_seed3_row_index_fixed,replay,source,unseen_in_either_domain,malwr-brutef-ftp,18,90.0,100.0
ton_iot_to_iot_nidd_seed3_row_index_fixed,replay,source,unseen_in_either_domain,infog-scan-port,106,91.34615384615384,89.62264150943396
ton_iot_to_iot_nidd_seed3_row_index_fixed,replay,source,unseen_in_either_domain,malwr-backd-tcp,1134,98.52612773559625,97.2663139329806
ton_iot_to_iot_nidd_seed3_row_index_fixed,replay,source,unseen_in_either_domain,inject-sql,714,85.383502170767,82.6330532212885
ton_iot_to_iot_nidd_seed3_row_index_fixed,replay,source,unseen_in_either_domain,benign,1687,94.0381791483113,94.9021932424422
ton_iot_to_iot_nidd_seed3_row_index_fixed,replay,source,unseen_in_either_domain,malwr-ransomware,212,90.5311778290993,92.45283018867924
ton_iot_to_iot_nidd_seed3_row_index_fixed,replay,source,unseen_in_either_domain,malwr-brutef-http,379,84.93506493506493,86.2796833773087
ton_iot_to_iot_nidd_seed3_row_index_fixed,replay,source,unseen_in_either_domain,dos-tcp-syn,307,99.6742671009772,99.6742671009772
ton_iot_to_iot_nidd_seed3_row_index_fixed,replay,source,unseen_in_either_domain,inject-xss,492,92.2440537745605,90.65040650406505
ton_iot_to_iot_nidd_seed3_row_index_fixed,replay,target,all,dos-http,109,89.75609756097562,84.40366972477065
ton_iot_to_iot_nidd_seed3_row_index_fixed,replay,target,all,mitm-arpspoof,11,8.0,9.090909090909092
ton_iot_to_iot_nidd_seed3_row_index_fixed,replay,target,all,infog-scan-port,476,99.47534102833158,99.57983193277312
ton_iot_to_iot_nidd_seed3_row_index_fixed,replay,target,all,benign,2613,98.90867317633544,98.85189437428244
ton_iot_to_iot_nidd_seed3_row_index_fixed,replay,target,all,dos-tcp-syn,1783,96.27027027027027,99.88782950084128
ton_iot_to_iot_nidd_seed3_row_index_fixed,replay,target,all,infog-scan-os,13,86.95652173913044,76.92307692307693
ton_iot_to_iot_nidd_seed3_row_index_fixed,replay,target,all,malwr-brutef-telnet,6,71.42857142857143,83.33333333333334
ton_iot_to_iot_nidd_seed3_row_index_fixed,replay,target,all,dos-udp,15,100.0,100.0
ton_iot_to_iot_nidd_seed3_row_index_fixed,replay,target,all,dos-tcp-ack,927,92.02312138728324,85.86839266450917
ton_iot_to_iot_nidd_seed3_row_index_fixed,replay,target,all,infog-scan-host,46,97.87234042553192,100.0
ton_iot_to_iot_nidd_seed3_row_index_fixed,replay,target,unseen_within_domain,dos-http,81,96.93251533742331,97.53086419753086
ton_iot_to_iot_nidd_seed3_row_index_fixed,replay,target,unseen_within_domain,mitm-arpspoof,11,11.76470588235294,9.090909090909092
ton_iot_to_iot_nidd_seed3_row_index_fixed,replay,target,unseen_within_domain,infog-scan-port,64,96.875,96.875
ton_iot_to_iot_nidd_seed3_row_index_fixed,replay,target,unseen_within_domain,benign,368,96.17486338797814,95.65217391304348
ton_iot_to_iot_nidd_seed3_row_index_fixed,replay,target,unseen_within_domain,dos-tcp-syn,1084,95.96452328159644,99.81549815498155
ton_iot_to_iot_nidd_seed3_row_index_fixed,replay,target,unseen_within_domain,infog-scan-os,13,86.95652173913044,76.92307692307693
ton_iot_to_iot_nidd_seed3_row_index_fixed,replay,target,unseen_within_domain,malwr-brutef-telnet,6,71.42857142857143,83.33333333333334
ton_iot_to_iot_nidd_seed3_row_index_fixed,replay,target,unseen_within_domain,dos-udp,15,100.0,100.0
ton_iot_to_iot_nidd_seed3_row_index_fixed,replay,target,unseen_within_domain,dos-tcp-ack,816,93.8749194068343,89.2156862745098
ton_iot_to_iot_nidd_seed3_row_index_fixed,replay,target,unseen_within_domain,infog-scan-host,28,96.55172413793103,100.0
ton_iot_to_iot_nidd_seed3_row_index_fixed,replay,target,unseen_in_either_domain,dos-http,81,96.93251533742331,97.53086419753086
ton_iot_to_iot_nidd_seed3_row_index_fixed,replay,target,unseen_in_either_domain,mitm-arpspoof,11,11.76470588235294,9.090909090909092
ton_iot_to_iot_nidd_seed3_row_index_fixed,replay,target,unseen_in_either_domain,infog-scan-port,64,96.875,96.875
ton_iot_to_iot_nidd_seed3_row_index_fixed,replay,target,unseen_in_either_domain,benign,360,96.08938547486034,95.55555555555556
ton_iot_to_iot_nidd_seed3_row_index_fixed,replay,target,unseen_in_either_domain,dos-tcp-syn,1084,95.96452328159644,99.81549815498155
ton_iot_to_iot_nidd_seed3_row_index_fixed,replay,target,unseen_in_either_domain,infog-scan-os,13,86.95652173913044,76.92307692307693
ton_iot_to_iot_nidd_seed3_row_index_fixed,replay,target,unseen_in_either_domain,malwr-brutef-telnet,6,71.42857142857143,83.33333333333334
ton_iot_to_iot_nidd_seed3_row_index_fixed,replay,target,unseen_in_either_domain,dos-udp,15,100.0,100.0
ton_iot_to_iot_nidd_seed3_row_index_fixed,replay,target,unseen_in_either_domain,dos-tcp-ack,816,93.8749194068343,89.2156862745098
ton_iot_to_iot_nidd_seed3_row_index_fixed,replay,target,unseen_in_either_domain,infog-scan-host,28,96.55172413793103,100.0
ton_iot_to_iot_nidd_seed3_row_index_fixed,weighted,source,all,dos-http,1834,88.21981876644256,82.27917121046892
ton_iot_to_iot_nidd_seed3_row_index_fixed,weighted,source,all,dos-tcp,5,50.0,40.0
ton_iot_to_iot_nidd_seed3_row_index_fixed,weighted,source,all,mitm-arpspoof,161,40.67321178120617,90.06211180124224
ton_iot_to_iot_nidd_seed3_row_index_fixed,weighted,source,all,malwr-brutef-ftp,20,88.88888888888889,100.0
ton_iot_to_iot_nidd_seed3_row_index_fixed,weighted,source,all,infog-scan-port,469,83.4567901234568,72.06823027718549
ton_iot_to_iot_nidd_seed3_row_index_fixed,weighted,source,all,malwr-backd-tcp,1134,96.2058438726559,97.2663139329806
ton_iot_to_iot_nidd_seed3_row_index_fixed,weighted,source,all,inject-sql,714,75.21126760563381,74.78991596638656
ton_iot_to_iot_nidd_seed3_row_index_fixed,weighted,source,all,benign,2727,86.7910447761194,85.2951961862853
ton_iot_to_iot_nidd_seed3_row_index_fixed,weighted,source,all,malwr-ransomware,212,84.72222222222221,86.32075471698113
ton_iot_to_iot_nidd_seed3_row_index_fixed,weighted,source,all,malwr-brutef-http,379,78.52604828462516,81.53034300791556
ton_iot_to_iot_nidd_seed3_row_index_fixed,weighted,source,all,dos-tcp-syn,307,90.35714285714286,82.41042345276874
ton_iot_to_iot_nidd_seed3_row_index_fixed,weighted,source,all,inject-xss,493,85.68376068376068,81.33874239350912
ton_iot_to_iot_nidd_seed3_row_index_fixed,weighted,source,unseen_within_domain,dos-http,1140,83.43734997599616,76.2280701754386
ton_iot_to_iot_nidd_seed3_row_index_fixed,weighted,source,unseen_within_domain,dos-tcp,3,0.0,0.0
ton_iot_to_iot_nidd_seed3_row_index_fixed,weighted,source,unseen_within_domain,mitm-arpspoof,31,17.045454545454543,48.38709677419355
ton_iot_to_iot_nidd_seed3_row_index_fixed,weighted,source,unseen_within_domain,malwr-brutef-ftp,18,87.8048780487805,100.0
ton_iot_to_iot_nidd_seed3_row_index_fixed,weighted,source,unseen_within_domain,infog-scan-port,106,91.54228855721394,86.79245283018868
ton_iot_to_iot_nidd_seed3_row_index_fixed,weighted,source,unseen_within_domain,malwr-backd-tcp,1134,96.2058438726559,97.2663139329806
ton_iot_to_iot_nidd_seed3_row_index_fixed,weighted,source,unseen_within_domain,inject-sql,714,75.21126760563381,74.78991596638656
ton_iot_to_iot_nidd_seed3_row_index_fixed,weighted,source,unseen_within_domain,benign,1689,92.90322580645162,93.78330373001776
ton_iot_to_iot_nidd_seed3_row_index_fixed,weighted,source,unseen_within_domain,malwr-ransomware,212,84.72222222222221,86.32075471698113
ton_iot_to_iot_nidd_seed3_row_index_fixed,weighted,source,unseen_within_domain,malwr-brutef-http,379,78.52604828462516,81.53034300791556
ton_iot_to_iot_nidd_seed3_row_index_fixed,weighted,source,unseen_within_domain,dos-tcp-syn,307,90.35714285714286,82.41042345276874
ton_iot_to_iot_nidd_seed3_row_index_fixed,weighted,source,unseen_within_domain,inject-xss,492,85.77540106951872,81.5040650406504
ton_iot_to_iot_nidd_seed3_row_index_fixed,weighted,source,unseen_in_either_domain,dos-http,1140,83.43734997599616,76.2280701754386
ton_iot_to_iot_nidd_seed3_row_index_fixed,weighted,source,unseen_in_either_domain,dos-tcp,3,0.0,0.0
ton_iot_to_iot_nidd_seed3_row_index_fixed,weighted,source,unseen_in_either_domain,mitm-arpspoof,31,17.045454545454543,48.38709677419355
ton_iot_to_iot_nidd_seed3_row_index_fixed,weighted,source,unseen_in_either_domain,malwr-brutef-ftp,18,87.8048780487805,100.0
ton_iot_to_iot_nidd_seed3_row_index_fixed,weighted,source,unseen_in_either_domain,infog-scan-port,106,91.54228855721394,86.79245283018868
ton_iot_to_iot_nidd_seed3_row_index_fixed,weighted,source,unseen_in_either_domain,malwr-backd-tcp,1134,96.2058438726559,97.2663139329806
ton_iot_to_iot_nidd_seed3_row_index_fixed,weighted,source,unseen_in_either_domain,inject-sql,714,75.21126760563381,74.78991596638656
ton_iot_to_iot_nidd_seed3_row_index_fixed,weighted,source,unseen_in_either_domain,benign,1687,92.89489136817382,93.7759336099585
ton_iot_to_iot_nidd_seed3_row_index_fixed,weighted,source,unseen_in_either_domain,malwr-ransomware,212,84.72222222222221,86.32075471698113
ton_iot_to_iot_nidd_seed3_row_index_fixed,weighted,source,unseen_in_either_domain,malwr-brutef-http,379,78.52604828462516,81.53034300791556
ton_iot_to_iot_nidd_seed3_row_index_fixed,weighted,source,unseen_in_either_domain,dos-tcp-syn,307,90.35714285714286,82.41042345276874
ton_iot_to_iot_nidd_seed3_row_index_fixed,weighted,source,unseen_in_either_domain,inject-xss,492,85.77540106951872,81.5040650406504
ton_iot_to_iot_nidd_seed3_row_index_fixed,weighted,target,all,dos-http,109,89.85507246376811,85.3211009174312
ton_iot_to_iot_nidd_seed3_row_index_fixed,weighted,target,all,mitm-arpspoof,11,29.629629629629626,36.36363636363637
ton_iot_to_iot_nidd_seed3_row_index_fixed,weighted,target,all,infog-scan-port,476,99.58071278825996,99.78991596638656
ton_iot_to_iot_nidd_seed3_row_index_fixed,weighted,target,all,benign,2613,98.7521597235554,98.43092231151932
ton_iot_to_iot_nidd_seed3_row_index_fixed,weighted,target,all,dos-tcp-syn,1783,96.24425830856525,99.88782950084128
ton_iot_to_iot_nidd_seed3_row_index_fixed,weighted,target,all,infog-scan-os,13,85.71428571428571,92.3076923076923
ton_iot_to_iot_nidd_seed3_row_index_fixed,weighted,target,all,malwr-brutef-telnet,6,66.66666666666666,66.66666666666666
ton_iot_to_iot_nidd_seed3_row_index_fixed,weighted,target,all,dos-udp,15,96.7741935483871,100.0
ton_iot_to_iot_nidd_seed3_row_index_fixed,weighted,target,all,dos-tcp-ack,927,91.96067090803933,85.76051779935275
ton_iot_to_iot_nidd_seed3_row_index_fixed,weighted,target,all,infog-scan-host,46,97.87234042553192,100.0
ton_iot_to_iot_nidd_seed3_row_index_fixed,weighted,target,unseen_within_domain,dos-http,81,96.3855421686747,98.76543209876543
ton_iot_to_iot_nidd_seed3_row_index_fixed,weighted,target,unseen_within_domain,mitm-arpspoof,11,30.76923076923077,36.36363636363637
ton_iot_to_iot_nidd_seed3_row_index_fixed,weighted,target,unseen_within_domain,infog-scan-port,64,97.67441860465115,98.4375
ton_iot_to_iot_nidd_seed3_row_index_fixed,weighted,target,unseen_within_domain,benign,368,93.95218002812939,90.76086956521739
ton_iot_to_iot_nidd_seed3_row_index_fixed,weighted,target,unseen_within_domain,dos-tcp-syn,1084,95.92198581560284,99.81549815498155
ton_iot_to_iot_nidd_seed3_row_index_fixed,weighted,target,unseen_within_domain,infog-scan-os,13,88.88888888888889,92.3076923076923
ton_iot_to_iot_nidd_seed3_row_index_fixed,weighted,target,unseen_within_domain,malwr-brutef-telnet,6,66.66666666666666,66.66666666666666
ton_iot_to_iot_nidd_seed3_row_index_fixed,weighted,target,unseen_within_domain,dos-udp,15,96.7741935483871,100.0
ton_iot_to_iot_nidd_seed3_row_index_fixed,weighted,target,unseen_within_domain,dos-tcp-ack,816,93.80645161290323,89.09313725490196
ton_iot_to_iot_nidd_seed3_row_index_fixed,weighted,target,unseen_within_domain,infog-scan-host,28,96.55172413793103,100.0
ton_iot_to_iot_nidd_seed3_row_index_fixed,weighted,target,unseen_in_either_domain,dos-http,81,96.3855421686747,98.76543209876543
ton_iot_to_iot_nidd_seed3_row_index_fixed,weighted,target,unseen_in_either_domain,mitm-arpspoof,11,30.76923076923077,36.36363636363637
ton_iot_to_iot_nidd_seed3_row_index_fixed,weighted,target,unseen_in_either_domain,infog-scan-port,64,97.67441860465115,98.4375
ton_iot_to_iot_nidd_seed3_row_index_fixed,weighted,target,unseen_in_either_domain,benign,360,93.81294964028777,90.55555555555556
ton_iot_to_iot_nidd_seed3_row_index_fixed,weighted,target,unseen_in_either_domain,dos-tcp-syn,1084,95.92198581560284,99.81549815498155
ton_iot_to_iot_nidd_seed3_row_index_fixed,weighted,target,unseen_in_either_domain,infog-scan-os,13,88.88888888888889,92.3076923076923
ton_iot_to_iot_nidd_seed3_row_index_fixed,weighted,target,unseen_in_either_domain,malwr-brutef-telnet,6,66.66666666666666,66.66666666666666
ton_iot_to_iot_nidd_seed3_row_index_fixed,weighted,target,unseen_in_either_domain,dos-udp,15,96.7741935483871,100.0
ton_iot_to_iot_nidd_seed3_row_index_fixed,weighted,target,unseen_in_either_domain,dos-tcp-ack,816,93.80645161290323,89.09313725490196
ton_iot_to_iot_nidd_seed3_row_index_fixed,weighted,target,unseen_in_either_domain,infog-scan-host,28,96.55172413793103,100.0
ton_iot_to_iot_nidd_seed3_row_index_fixed,combined,source,all,dos-http,1834,97.32678668848882,97.27371864776445
ton_iot_to_iot_nidd_seed3_row_index_fixed,combined,source,all,dos-tcp,5,50.0,40.0
ton_iot_to_iot_nidd_seed3_row_index_fixed,combined,source,all,mitm-arpspoof,161,46.20253164556962,90.6832298136646
ton_iot_to_iot_nidd_seed3_row_index_fixed,combined,source,all,malwr-brutef-ftp,20,88.88888888888889,100.0
ton_iot_to_iot_nidd_seed3_row_index_fixed,combined,source,all,infog-scan-port,469,98.38187702265373,97.22814498933901
ton_iot_to_iot_nidd_seed3_row_index_fixed,combined,source,all,malwr-backd-tcp,1134,98.52481001341081,97.17813051146385
ton_iot_to_iot_nidd_seed3_row_index_fixed,combined,source,all,inject-sql,714,84.11602209944752,85.29411764705883
ton_iot_to_iot_nidd_seed3_row_index_fixed,combined,source,all,benign,2727,90.21060842433697,84.81848184818482
ton_iot_to_iot_nidd_seed3_row_index_fixed,combined,source,all,malwr-ransomware,212,86.2144420131291,92.9245283018868
ton_iot_to_iot_nidd_seed3_row_index_fixed,combined,source,all,malwr-brutef-http,379,84.88063660477454,84.43271767810026
ton_iot_to_iot_nidd_seed3_row_index_fixed,combined,source,all,dos-tcp-syn,307,99.6742671009772,99.6742671009772
ton_iot_to_iot_nidd_seed3_row_index_fixed,combined,source,all,inject-xss,493,87.90746582544689,84.78701825557809
ton_iot_to_iot_nidd_seed3_row_index_fixed,combined,source,unseen_within_domain,dos-http,1140,96.04916593503073,95.96491228070175
ton_iot_to_iot_nidd_seed3_row_index_fixed,combined,source,unseen_within_domain,dos-tcp,3,0.0,0.0
ton_iot_to_iot_nidd_seed3_row_index_fixed,combined,source,unseen_within_domain,mitm-arpspoof,31,33.68421052631579,51.61290322580645
ton_iot_to_iot_nidd_seed3_row_index_fixed,combined,source,unseen_within_domain,malwr-brutef-ftp,18,87.8048780487805,100.0
ton_iot_to_iot_nidd_seed3_row_index_fixed,combined,source,unseen_within_domain,infog-scan-port,106,92.53731343283582,87.73584905660378
ton_iot_to_iot_nidd_seed3_row_index_fixed,combined,source,unseen_within_domain,malwr-backd-tcp,1134,98.52481001341081,97.17813051146385
ton_iot_to_iot_nidd_seed3_row_index_fixed,combined,source,unseen_within_domain,inject-sql,714,84.11602209944752,85.29411764705883
ton_iot_to_iot_nidd_seed3_row_index_fixed,combined,source,unseen_within_domain,benign,1689,93.42144788224692,92.0663114268798
ton_iot_to_iot_nidd_seed3_row_index_fixed,combined,source,unseen_within_domain,malwr-ransomware,212,86.2144420131291,92.9245283018868
ton_iot_to_iot_nidd_seed3_row_index_fixed,combined,source,unseen_within_domain,malwr-brutef-http,379,84.88063660477454,84.43271767810026
ton_iot_to_iot_nidd_seed3_row_index_fixed,combined,source,unseen_within_domain,dos-tcp-syn,307,99.6742671009772,99.6742671009772
ton_iot_to_iot_nidd_seed3_row_index_fixed,combined,source,unseen_within_domain,inject-xss,492,88.0,84.95934959349594
ton_iot_to_iot_nidd_seed3_row_index_fixed,combined,source,unseen_in_either_domain,dos-http,1140,96.04916593503073,95.96491228070175
ton_iot_to_iot_nidd_seed3_row_index_fixed,combined,source,unseen_in_either_domain,dos-tcp,3,0.0,0.0
ton_iot_to_iot_nidd_seed3_row_index_fixed,combined,source,unseen_in_either_domain,mitm-arpspoof,31,33.68421052631579,51.61290322580645
ton_iot_to_iot_nidd_seed3_row_index_fixed,combined,source,unseen_in_either_domain,malwr-brutef-ftp,18,87.8048780487805,100.0
ton_iot_to_iot_nidd_seed3_row_index_fixed,combined,source,unseen_in_either_domain,infog-scan-port,106,92.53731343283582,87.73584905660378
ton_iot_to_iot_nidd_seed3_row_index_fixed,combined,source,unseen_in_either_domain,malwr-backd-tcp,1134,98.52481001341081,97.17813051146385
ton_iot_to_iot_nidd_seed3_row_index_fixed,combined,source,unseen_in_either_domain,inject-sql,714,84.11602209944752,85.29411764705883
ton_iot_to_iot_nidd_seed3_row_index_fixed,combined,source,unseen_in_either_domain,benign,1687,93.41353383458647,92.05690574985181
ton_iot_to_iot_nidd_seed3_row_index_fixed,combined,source,unseen_in_either_domain,malwr-ransomware,212,86.2144420131291,92.9245283018868
ton_iot_to_iot_nidd_seed3_row_index_fixed,combined,source,unseen_in_either_domain,malwr-brutef-http,379,84.88063660477454,84.43271767810026
ton_iot_to_iot_nidd_seed3_row_index_fixed,combined,source,unseen_in_either_domain,dos-tcp-syn,307,99.6742671009772,99.6742671009772
ton_iot_to_iot_nidd_seed3_row_index_fixed,combined,source,unseen_in_either_domain,inject-xss,492,88.0,84.95934959349594
ton_iot_to_iot_nidd_seed3_row_index_fixed,combined,target,all,dos-http,109,88.3495145631068,83.4862385321101
ton_iot_to_iot_nidd_seed3_row_index_fixed,combined,target,all,mitm-arpspoof,11,11.11111111111111,18.181818181818183
ton_iot_to_iot_nidd_seed3_row_index_fixed,combined,target,all,infog-scan-port,476,99.16492693110646,99.78991596638656
ton_iot_to_iot_nidd_seed3_row_index_fixed,combined,target,all,benign,2613,97.64051409936697,97.39762724837352
ton_iot_to_iot_nidd_seed3_row_index_fixed,combined,target,all,dos-tcp-syn,1783,95.77843506318902,99.88782950084128
ton_iot_to_iot_nidd_seed3_row_index_fixed,combined,target,all,infog-scan-os,13,81.48148148148148,84.61538461538461
ton_iot_to_iot_nidd_seed3_row_index_fixed,combined,target,all,malwr-brutef-telnet,6,75.0,100.0
ton_iot_to_iot_nidd_seed3_row_index_fixed,combined,target,all,dos-udp,15,100.0,100.0
ton_iot_to_iot_nidd_seed3_row_index_fixed,combined,target,all,dos-tcp-ack,927,88.49135360763267,80.04314994606257
ton_iot_to_iot_nidd_seed3_row_index_fixed,combined,target,all,infog-scan-host,46,96.84210526315789,100.0
ton_iot_to_iot_nidd_seed3_row_index_fixed,combined,target,unseen_within_domain,dos-http,81,95.1219512195122,96.29629629629629
ton_iot_to_iot_nidd_seed3_row_index_fixed,combined,target,unseen_within_domain,mitm-arpspoof,11,14.285714285714285,18.181818181818183
ton_iot_to_iot_nidd_seed3_row_index_fixed,combined,target,unseen_within_domain,infog-scan-port,64,95.45454545454545,98.4375
ton_iot_to_iot_nidd_seed3_row_index_fixed,combined,target,unseen_within_domain,benign,368,88.24343015214384,86.68478260869566
ton_iot_to_iot_nidd_seed3_row_index_fixed,combined,target,unseen_within_domain,dos-tcp-syn,1084,95.28841919859093,99.81549815498155
ton_iot_to_iot_nidd_seed3_row_index_fixed,combined,target,unseen_within_domain,infog-scan-os,13,81.48148148148148,84.61538461538461
ton_iot_to_iot_nidd_seed3_row_index_fixed,combined,target,unseen_within_domain,malwr-brutef-telnet,6,75.0,100.0
ton_iot_to_iot_nidd_seed3_row_index_fixed,combined,target,unseen_within_domain,dos-udp,15,100.0,100.0
ton_iot_to_iot_nidd_seed3_row_index_fixed,combined,target,unseen_within_domain,dos-tcp-ack,816,90.4983388704319,83.45588235294117
ton_iot_to_iot_nidd_seed3_row_index_fixed,combined,target,unseen_within_domain,infog-scan-host,28,94.91525423728814,100.0
ton_iot_to_iot_nidd_seed3_row_index_fixed,combined,target,unseen_in_either_domain,dos-http,81,95.1219512195122,96.29629629629629
ton_iot_to_iot_nidd_seed3_row_index_fixed,combined,target,unseen_in_either_domain,mitm-arpspoof,11,14.285714285714285,18.181818181818183
ton_iot_to_iot_nidd_seed3_row_index_fixed,combined,target,unseen_in_either_domain,infog-scan-port,64,95.45454545454545,98.4375
ton_iot_to_iot_nidd_seed3_row_index_fixed,combined,target,unseen_in_either_domain,benign,360,87.97736916548797,86.38888888888889
ton_iot_to_iot_nidd_seed3_row_index_fixed,combined,target,unseen_in_either_domain,dos-tcp-syn,1084,95.28841919859093,99.81549815498155
ton_iot_to_iot_nidd_seed3_row_index_fixed,combined,target,unseen_in_either_domain,infog-scan-os,13,81.48148148148148,84.61538461538461
ton_iot_to_iot_nidd_seed3_row_index_fixed,combined,target,unseen_in_either_domain,malwr-brutef-telnet,6,75.0,100.0
ton_iot_to_iot_nidd_seed3_row_index_fixed,combined,target,unseen_in_either_domain,dos-udp,15,100.0,100.0
ton_iot_to_iot_nidd_seed3_row_index_fixed,combined,target,unseen_in_either_domain,dos-tcp-ack,816,90.4983388704319,83.45588235294117
ton_iot_to_iot_nidd_seed3_row_index_fixed,combined,target,unseen_in_either_domain,infog-scan-host,28,94.91525423728814,100.0
